PRAC_CODE,PRAC_NAME,PCN_CODE,PCN_NAME,SUB_ICB_CODE,SUB_ICB_NAME,ICB_CODE,ICB_NAME,REGION_CODE,REGION_NAME,TOTAL_PATIENTS,TOTAL_MALE,TOTAL_FEMALE,TOTAL_UNKNOWN_GENDER,MALE_PATIENTS_0TO4,MALE_PATIENTS_5TO14,MALE_PATIENTS_15TO44,MALE_PATIENTS_45TO64,MALE_PATIENTS_65TO74,MALE_PATIENTS_75TO84,MALE_PATIENTS_85PLUS,FEMALE_PATIENTS_0TO4,FEMALE_PATIENTS_5TO14,FEMALE_PATIENTS_15TO44,FEMALE_PATIENTS_45TO64,FEMALE_PATIENTS_65TO74,FEMALE_PATIENTS_75TO84,FEMALE_PATIENTS_85PLUS,GP_SOURCE,NURSE_SOURCE,DPC_SOURCE,ADMIN_SOURCE,TOTAL_GP_HC,TOTAL_GP_EXTG_HC,TOTAL_GP_EXL_HC,TOTAL_GP_EXTGL_HC,TOTAL_GP_SEN_PTNR_HC,TOTAL_GP_PTNR_PROV_HC,TOTAL_GP_SAL_BY_PRAC_HC,TOTAL_GP_SAL_BY_OTH_HC,TOTAL_GP_TRN_GR_ST1_HC,TOTAL_GP_TRN_GR_ST2_HC,TOTAL_GP_TRN_GR_ST3_HC,TOTAL_GP_TRN_GR_ST4_HC,TOTAL_GP_TRN_GR_OTH_HC,TOTAL_GP_TRN_GR_F1_2_HC,TOTAL_GP_RET_HC,TOTAL_GP_LOCUM_VAC_HC,TOTAL_GP_LOCUM_ABS_HC,TOTAL_GP_LOCUM_OTH_HC,MALE_GP_HC,MALE_GP_EXTG_HC,MALE_GP_EXL_HC,MALE_GP_EXTGL_HC,MALE_GP_SEN_PTNR_HC,MALE_GP_PTNR_PROV_HC,MALE_GP_SAL_BY_PRAC_HC,MALE_GP_SAL_BY_OTH_HC,MALE_GP_TRN_GR_ST1_HC,MALE_GP_TRN_GR_ST2_HC,MALE_GP_TRN_GR_ST3_HC,MALE_GP_TRN_GR_ST4_HC,MALE_GP_TRN_GR_OTH_HC,MALE_GP_TRN_GR_F1_2_HC,MALE_GP_RET_HC,MALE_GP_LOCUM_VAC_HC,MALE_GP_LOCUM_ABS_HC,MALE_GP_LOCUM_OTH_HC,FEMALE_GP_HC,FEMALE_GP_EXTG_HC,FEMALE_GP_EXL_HC,FEMALE_GP_EXTGL_HC,FEMALE_GP_SEN_PTNR_HC,FEMALE_GP_PTNR_PROV_HC,FEMALE_GP_SAL_BY_PRAC_HC,FEMALE_GP_SAL_BY_OTH_HC,FEMALE_GP_TRN_GR_ST1_HC,FEMALE_GP_TRN_GR_ST2_HC,FEMALE_GP_TRN_GR_ST3_HC,FEMALE_GP_TRN_GR_ST4_HC,FEMALE_GP_TRN_GR_OTH_HC,FEMALE_GP_TRN_GR_F1_2_HC,FEMALE_GP_RET_HC,FEMALE_GP_LOCUM_VAC_HC,FEMALE_GP_LOCUM_ABS_HC,FEMALE_GP_LOCUM_OTH_HC,TOTAL_GP_FTE,TOTAL_GP_EXTG_FTE,TOTAL_GP_EXL_FTE,TOTAL_GP_EXTGL_FTE,TOTAL_GP_SEN_PTNR_FTE,TOTAL_GP_PTNR_PROV_FTE,TOTAL_GP_SAL_BY_PRAC_FTE,TOTAL_GP_SAL_BY_OTH_FTE,TOTAL_GP_TRN_GR_ST1_FTE,TOTAL_GP_TRN_GR_ST2_FTE,TOTAL_GP_TRN_GR_ST3_FTE,TOTAL_GP_TRN_GR_ST4_FTE,TOTAL_GP_TRN_GR_OTH_FTE,TOTAL_GP_TRN_GR_F1_2_FTE,TOTAL_GP_RET_FTE,TOTAL_GP_LOCUM_VAC_FTE,TOTAL_GP_LOCUM_ABS_FTE,TOTAL_GP_LOCUM_OTH_FTE,MALE_GP_FTE,MALE_GP_EXTG_FTE,MALE_GP_EXL_FTE,MALE_GP_EXTGL_FTE,MALE_GP_SEN_PTNR_FTE,MALE_GP_PTNR_PROV_FTE,MALE_GP_SAL_BY_PRAC_FTE,MALE_GP_SAL_BY_OTH_FTE,MALE_GP_TRN_GR_ST1_FTE,MALE_GP_TRN_GR_ST2_FTE,MALE_GP_TRN_GR_ST3_FTE,MALE_GP_TRN_GR_ST4_FTE,MALE_GP_TRN_GR_OTH_FTE,MALE_GP_TRN_GR_F1_2_FTE,MALE_GP_RET_FTE,MALE_GP_LOCUM_VAC_FTE,MALE_GP_LOCUM_ABS_FTE,MALE_GP_LOCUM_OTH_FTE,FEMALE_GP_FTE,FEMALE_GP_EXTG_FTE,FEMALE_GP_EXL_FTE,FEMALE_GP_EXTGL_FTE,FEMALE_GP_SEN_PTNR_FTE,FEMALE_GP_PTNR_PROV_FTE,FEMALE_GP_SAL_BY_PRAC_FTE,FEMALE_GP_SAL_BY_OTH_FTE,FEMALE_GP_TRN_GR_ST1_FTE,FEMALE_GP_TRN_GR_ST2_FTE,FEMALE_GP_TRN_GR_ST3_FTE,FEMALE_GP_TRN_GR_ST4_FTE,FEMALE_GP_TRN_GR_OTH_FTE,FEMALE_GP_TRN_GR_F1_2_FTE,FEMALE_GP_RET_FTE,FEMALE_GP_LOCUM_VAC_FTE,FEMALE_GP_LOCUM_ABS_FTE,FEMALE_GP_LOCUM_OTH_FTE,TOTAL_GP_HC_UNDER30,TOTAL_GP_HC_30TO34,TOTAL_GP_HC_35TO39,TOTAL_GP_HC_40TO44,TOTAL_GP_HC_45TO49,TOTAL_GP_HC_50TO54,TOTAL_GP_HC_55TO59,TOTAL_GP_HC_60TO64,TOTAL_GP_HC_65TO69,TOTAL_GP_HC_70PLUS,TOTAL_GP_HC_UNKNOWN_AGE,MALE_GP_HC_UNDER30,MALE_GP_HC_30TO34,MALE_GP_HC_35TO39,MALE_GP_HC_40TO44,MALE_GP_HC_45TO49,MALE_GP_HC_50TO54,MALE_GP_HC_55TO59,MALE_GP_HC_60TO64,MALE_GP_HC_65TO69,MALE_GP_HC_70PLUS,MALE_GP_HC_UNKNOWN_AGE,FEMALE_GP_HC_UNDER30,FEMALE_GP_HC_30TO34,FEMALE_GP_HC_35TO39,FEMALE_GP_HC_40TO44,FEMALE_GP_HC_45TO49,FEMALE_GP_HC_50TO54,FEMALE_GP_HC_55TO59,FEMALE_GP_HC_60TO64,FEMALE_GP_HC_65TO69,FEMALE_GP_HC_70PLUS,FEMALE_GP_HC_UNKNOWN_AGE,TOTAL_GP_FTE_UNDER30,TOTAL_GP_FTE_30TO34,TOTAL_GP_FTE_35TO39,TOTAL_GP_FTE_40TO44,TOTAL_GP_FTE_45TO49,TOTAL_GP_FTE_50TO54,TOTAL_GP_FTE_55TO59,TOTAL_GP_FTE_60TO64,TOTAL_GP_FTE_65TO69,TOTAL_GP_FTE_70PLUS,TOTAL_GP_FTE_UNKNOWN_AGE,TOTAL_GP_HC_COQ_UK,TOTAL_GP_HC_COQ_EEA,TOTAL_GP_HC_COQ_EUROPE_OTHER,TOTAL_GP_HC_COQ_AFRICA,TOTAL_GP_HC_COQ_ASIA_OTHER,TOTAL_GP_HC_COQ_ASIA_SOUTH,TOTAL_GP_HC_COQ_AUS_PAC,TOTAL_GP_HC_COQ_CEN_AMERICA,TOTAL_GP_HC_COQ_NORTH_AMERICA,TOTAL_GP_HC_COQ_SOUTH_AMERICA,TOTAL_GP_HC_COQ_MIDDLE_EAST,TOTAL_GP_HC_COQ_UNKNOWN,MALE_GP_HC_COQ_UK,MALE_GP_HC_COQ_EEA,MALE_GP_HC_COQ_EUROPE_OTHER,MALE_GP_HC_COQ_AFRICA,MALE_GP_HC_COQ_ASIA_OTHER,MALE_GP_HC_COQ_ASIA_SOUTH,MALE_GP_HC_COQ_AUS_PAC,MALE_GP_HC_COQ_CEN_AMERICA,MALE_GP_HC_COQ_NORTH_AMERICA,MALE_GP_HC_COQ_SOUTH_AMERICA,MALE_GP_HC_COQ_MIDDLE_EAST,MALE_GP_HC_COQ_UNKNOWN,FEMALE_GP_HC_COQ_UK,FEMALE_GP_HC_COQ_EEA,FEMALE_GP_HC_COQ_EUROPE_OTHER,FEMALE_GP_HC_COQ_AFRICA,FEMALE_GP_HC_COQ_ASIA_OTHER,FEMALE_GP_HC_COQ_ASIA_SOUTH,FEMALE_GP_HC_COQ_AUS_PAC,FEMALE_GP_HC_COQ_CEN_AMERICA,FEMALE_GP_HC_COQ_NORTH_AMERICA,FEMALE_GP_HC_COQ_SOUTH_AMERICA,FEMALE_GP_HC_COQ_MIDDLE_EAST,FEMALE_GP_HC_COQ_UNKNOWN,TOTAL_GP_EXTG_HC_UNDER30,TOTAL_GP_EXTG_HC_30TO34,TOTAL_GP_EXTG_HC_35TO39,TOTAL_GP_EXTG_HC_40TO44,TOTAL_GP_EXTG_HC_45TO49,TOTAL_GP_EXTG_HC_50TO54,TOTAL_GP_EXTG_HC_55TO59,TOTAL_GP_EXTG_HC_60TO64,TOTAL_GP_EXTG_HC_65TO69,TOTAL_GP_EXTG_HC_70PLUS,TOTAL_GP_EXTG_HC_UNKNOWN_AGE,MALE_GP_EXTG_HC_UNDER30,MALE_GP_EXTG_HC_30TO34,MALE_GP_EXTG_HC_35TO39,MALE_GP_EXTG_HC_40TO44,MALE_GP_EXTG_HC_45TO49,MALE_GP_EXTG_HC_50TO54,MALE_GP_EXTG_HC_55TO59,MALE_GP_EXTG_HC_60TO64,MALE_GP_EXTG_HC_65TO69,MALE_GP_EXTG_HC_70PLUS,MALE_GP_EXTG_HC_UNKNOWN_AGE,FEMALE_GP_EXTG_HC_UNDER30,FEMALE_GP_EXTG_HC_30TO34,FEMALE_GP_EXTG_HC_35TO39,FEMALE_GP_EXTG_HC_40TO44,FEMALE_GP_EXTG_HC_45TO49,FEMALE_GP_EXTG_HC_50TO54,FEMALE_GP_EXTG_HC_55TO59,FEMALE_GP_EXTG_HC_60TO64,FEMALE_GP_EXTG_HC_65TO69,FEMALE_GP_EXTG_HC_70PLUS,FEMALE_GP_EXTG_HC_UNKNOWN_AGE,TOTAL_GP_EXL_HC_UNDER30,TOTAL_GP_EXL_HC_30TO34,TOTAL_GP_EXL_HC_35TO39,TOTAL_GP_EXL_HC_40TO44,TOTAL_GP_EXL_HC_45TO49,TOTAL_GP_EXL_HC_50TO54,TOTAL_GP_EXL_HC_55TO59,TOTAL_GP_EXL_HC_60TO64,TOTAL_GP_EXL_HC_65TO69,TOTAL_GP_EXL_HC_70PLUS,TOTAL_GP_EXL_HC_UNKNOWN_AGE,MALE_GP_EXL_HC_UNDER30,MALE_GP_EXL_HC_30TO34,MALE_GP_EXL_HC_35TO39,MALE_GP_EXL_HC_40TO44,MALE_GP_EXL_HC_45TO49,MALE_GP_EXL_HC_50TO54,MALE_GP_EXL_HC_55TO59,MALE_GP_EXL_HC_60TO64,MALE_GP_EXL_HC_65TO69,MALE_GP_EXL_HC_70PLUS,MALE_GP_EXL_HC_UNKNOWN_AGE,FEMALE_GP_EXL_HC_UNDER30,FEMALE_GP_EXL_HC_30TO34,FEMALE_GP_EXL_HC_35TO39,FEMALE_GP_EXL_HC_40TO44,FEMALE_GP_EXL_HC_45TO49,FEMALE_GP_EXL_HC_50TO54,FEMALE_GP_EXL_HC_55TO59,FEMALE_GP_EXL_HC_60TO64,FEMALE_GP_EXL_HC_65TO69,FEMALE_GP_EXL_HC_70PLUS,FEMALE_GP_EXL_HC_UNKNOWN_AGE,TOTAL_GP_EXTGL_HC_UNDER30,TOTAL_GP_EXTGL_HC_30TO34,TOTAL_GP_EXTGL_HC_35TO39,TOTAL_GP_EXTGL_HC_40TO44,TOTAL_GP_EXTGL_HC_45TO49,TOTAL_GP_EXTGL_HC_50TO54,TOTAL_GP_EXTGL_HC_55TO59,TOTAL_GP_EXTGL_HC_60TO64,TOTAL_GP_EXTGL_HC_65TO69,TOTAL_GP_EXTGL_HC_70PLUS,TOTAL_GP_EXTGL_HC_UNKNOWN_AGE,MALE_GP_EXTGL_HC_UNDER30,MALE_GP_EXTGL_HC_30TO34,MALE_GP_EXTGL_HC_35TO39,MALE_GP_EXTGL_HC_40TO44,MALE_GP_EXTGL_HC_45TO49,MALE_GP_EXTGL_HC_50TO54,MALE_GP_EXTGL_HC_55TO59,MALE_GP_EXTGL_HC_60TO64,MALE_GP_EXTGL_HC_65TO69,MALE_GP_EXTGL_HC_70PLUS,MALE_GP_EXTGL_HC_UNKNOWN_AGE,FEMALE_GP_EXTGL_HC_UNDER30,FEMALE_GP_EXTGL_HC_30TO34,FEMALE_GP_EXTGL_HC_35TO39,FEMALE_GP_EXTGL_HC_40TO44,FEMALE_GP_EXTGL_HC_45TO49,FEMALE_GP_EXTGL_HC_50TO54,FEMALE_GP_EXTGL_HC_55TO59,FEMALE_GP_EXTGL_HC_60TO64,FEMALE_GP_EXTGL_HC_65TO69,FEMALE_GP_EXTGL_HC_70PLUS,FEMALE_GP_EXTGL_HC_UNKNOWN_AGE,TOTAL_NURSES_HC,TOTAL_N_PRAC_NURSE_HC,TOTAL_N_ADV_NURSE_PRAC_HC,TOTAL_N_ENH_PRAC_NURSE_HC,TOTAL_N_NURSE_SPEC_HC,TOTAL_N_EXT_ROLE_NURSE_HC,TOTAL_N_TRAINEE_NURSE_HC,TOTAL_N_NURSE_DISP_HC,TOTAL_N_NURSE_PTNR_HC,TOTAL_N_NURSE_OTH_HC,MALE_NURSES_HC,MALE_N_PRAC_NURSE_HC,MALE_N_ADV_NURSE_PRAC_HC,MALE_N_ENH_PRAC_NURSE_HC,MALE_N_NURSE_SPEC_HC,MALE_N_EXT_ROLE_NURSE_HC,MALE_N_TRAINEE_NURSE_HC,MALE_N_NURSE_DISP_HC,MALE_N_NURSE_PTNR_HC,MALE_N_NURSE_OTH_HC,FEMALE_NURSES_HC,FEMALE_N_PRAC_NURSE_HC,FEMALE_N_ADV_NURSE_PRAC_HC,FEMALE_N_ENH_PRAC_NURSE_HC,FEMALE_N_NURSE_SPEC_HC,FEMALE_N_EXT_ROLE_NURSE_HC,FEMALE_N_TRAINEE_NURSE_HC,FEMALE_N_NURSE_DISP_HC,FEMALE_N_NURSE_PTNR_HC,FEMALE_N_NURSE_OTH_HC,TOTAL_NURSES_FTE,TOTAL_N_PRAC_NURSE_FTE,TOTAL_N_ADV_NURSE_PRAC_FTE,TOTAL_N_ENH_PRAC_NURSE_FTE,TOTAL_N_NURSE_SPEC_FTE,TOTAL_N_EXT_ROLE_NURSE_FTE,TOTAL_N_TRAINEE_NURSE_FTE,TOTAL_N_NURSE_DISP_FTE,TOTAL_N_NURSE_PTNR_FTE,TOTAL_N_NURSE_OTH_FTE,MALE_NURSES_FTE,MALE_N_PRAC_NURSE_FTE,MALE_N_ADV_NURSE_PRAC_FTE,MALE_N_ENH_PRAC_NURSE_FTE,MALE_N_NURSE_SPEC_FTE,MALE_N_EXT_ROLE_NURSE_FTE,MALE_N_TRAINEE_NURSE_FTE,MALE_N_NURSE_DISP_FTE,MALE_N_NURSE_PTNR_FTE,MALE_N_NURSE_OTH_FTE,FEMALE_NURSES_FTE,FEMALE_N_PRAC_NURSE_FTE,FEMALE_N_ADV_NURSE_PRAC_FTE,FEMALE_N_ENH_PRAC_NURSE_FTE,FEMALE_N_NURSE_SPEC_FTE,FEMALE_N_EXT_ROLE_NURSE_FTE,FEMALE_N_TRAINEE_NURSE_FTE,FEMALE_N_NURSE_DISP_FTE,FEMALE_N_NURSE_PTNR_FTE,FEMALE_N_NURSE_OTH_FTE,TOTAL_NURSES_HC_UNDER25,TOTAL_NURSES_HC_25TO29,TOTAL_NURSES_HC_30TO34,TOTAL_NURSES_HC_35TO39,TOTAL_NURSES_HC_40TO44,TOTAL_NURSES_HC_45TO49,TOTAL_NURSES_HC_50TO54,TOTAL_NURSES_HC_55TO59,TOTAL_NURSES_HC_60TO64,TOTAL_NURSES_HC_65TO69,TOTAL_NURSES_HC_70PLUS,TOTAL_NURSES_HC_UNKNOWN_AGE,MALE_NURSES_HC_UNDER25,MALE_NURSES_HC_25TO29,MALE_NURSES_HC_30TO34,MALE_NURSES_HC_35TO39,MALE_NURSES_HC_40TO44,MALE_NURSES_HC_45TO49,MALE_NURSES_HC_50TO54,MALE_NURSES_HC_55TO59,MALE_NURSES_HC_60TO64,MALE_NURSES_HC_65TO69,MALE_NURSES_HC_70PLUS,MALE_NURSES_HC_UNKNOWN_AGE,FEMALE_NURSES_HC_UNDER25,FEMALE_NURSES_HC_25TO29,FEMALE_NURSES_HC_30TO34,FEMALE_NURSES_HC_35TO39,FEMALE_NURSES_HC_40TO44,FEMALE_NURSES_HC_45TO49,FEMALE_NURSES_HC_50TO54,FEMALE_NURSES_HC_55TO59,FEMALE_NURSES_HC_60TO64,FEMALE_NURSES_HC_65TO69,FEMALE_NURSES_HC_70PLUS,FEMALE_NURSES_HC_UNKNOWN_AGE,TOTAL_NURSES_FTE_UNDER25,TOTAL_NURSES_FTE_25TO29,TOTAL_NURSES_FTE_30TO34,TOTAL_NURSES_FTE_35TO39,TOTAL_NURSES_FTE_40TO44,TOTAL_NURSES_FTE_45TO49,TOTAL_NURSES_FTE_50TO54,TOTAL_NURSES_FTE_55TO59,TOTAL_NURSES_FTE_60TO64,TOTAL_NURSES_FTE_65TO69,TOTAL_NURSES_FTE_70PLUS,TOTAL_NURSES_FTE_UNKNOWN_AGE,TOTAL_DPC_HC,TOTAL_DPC_ADV_DIETICIAN_PRAC_HC,TOTAL_DPC_ADV_PARAMED_PRAC_HC,TOTAL_DPC_ADV_PHARMA_PRAC_HC,TOTAL_DPC_ADV_PHYSIO_PRAC_HC,TOTAL_DPC_ADV_PODIA_PRAC_HC,TOTAL_DPC_ADV_THERA_OCC_PRAC_HC,TOTAL_DPC_DIETICIAN_HC,TOTAL_DPC_DISPENSER_HC,TOTAL_DPC_GPA_HC,TOTAL_DPC_HCA_HC,TOTAL_DPC_OST_HC,TOTAL_DPC_PHLEB_HC,TOTAL_DPC_PHARMA_HC,TOTAL_DPC_PHYSIO_HC,TOTAL_DPC_PODIA_HC,TOTAL_DPC_PHYSICIAN_ASSOC_HC,TOTAL_DPC_THERA_COU_HC,TOTAL_DPC_THERA_OCC_HC,TOTAL_DPC_THERA_OTH_HC,TOTAL_DPC_NURSE_ASSOC_HC,TOTAL_DPC_TRAINEE_NURSE_ASSOC_HC,TOTAL_DPC_PARAMED_HC,TOTAL_DPC_PHARMT_HC,TOTAL_DPC_TRAINEE_PHARMT_HC,TOTAL_DPC_SPLW_HC,TOTAL_DPC_NHS_TALKING_THERA_HC,TOTAL_DPC_TRAINEE_NHS_TALKING_THERA_HC,TOTAL_DPC_APP_HCA_HC,TOTAL_DPC_APP_PHLEB_HC,TOTAL_DPC_APP_PHARMA_HC,TOTAL_DPC_APP_PHYSIO_HC,TOTAL_DPC_APP_PHYSICIAN_ASSOC_HC,TOTAL_DPC_APP_OTH_HC,TOTAL_DPC_APPRENTICE_HC,TOTAL_DPC_HLTH_SPRT_WRK_HC,TOTAL_DPC_OTH_HC,MALE_DPC_HC,MALE_DPC_ADV_DIETICIAN_PRAC_HC,MALE_DPC_ADV_PARAMED_PRAC_HC,MALE_DPC_ADV_PHARMA_PRAC_HC,MALE_DPC_ADV_PHYSIO_PRAC_HC,MALE_DPC_ADV_PODIA_PRAC_HC,MALE_DPC_ADV_THERA_OCC_PRAC_HC,MALE_DPC_DIETICIAN_HC,MALE_DPC_DISPENSER_HC,MALE_DPC_GPA_HC,MALE_DPC_HCA_HC,MALE_DPC_OST_HC,MALE_DPC_PHLEB_HC,MALE_DPC_PHARMA_HC,MALE_DPC_PHYSIO_HC,MALE_DPC_PODIA_HC,MALE_DPC_PHYSICIAN_ASSOC_HC,MALE_DPC_THERA_COU_HC,MALE_DPC_THERA_OCC_HC,MALE_DPC_THERA_OTH_HC,MALE_DPC_NURSE_ASSOC_HC,MALE_DPC_TRAINEE_NURSE_ASSOC_HC,MALE_DPC_PARAMED_HC,MALE_DPC_PHARMT_HC,MALE_DPC_TRAINEE_PHARMT_HC,MALE_DPC_SPLW_HC,MALE_DPC_NHS_TALKING_THERA_HC,MALE_DPC_TRAINEE_NHS_TALKING_THERA_HC,MALE_DPC_APP_HCA_HC,MALE_DPC_APP_PHLEB_HC,MALE_DPC_APP_PHARMA_HC,MALE_DPC_APP_PHYSIO_HC,MALE_DPC_APP_PHYSICIAN_ASSOC_HC,MALE_DPC_APP_OTH_HC,MALE_DPC_APPRENTICE_HC,MALE_DPC_HLTH_SPRT_WRK_HC,MALE_DPC_OTH_HC,FEMALE_DPC_HC,FEMALE_DPC_ADV_DIETICIAN_PRAC_HC,FEMALE_DPC_ADV_PARAMED_PRAC_HC,FEMALE_DPC_ADV_PHARMA_PRAC_HC,FEMALE_DPC_ADV_PHYSIO_PRAC_HC,FEMALE_DPC_ADV_PODIA_PRAC_HC,FEMALE_DPC_ADV_THERA_OCC_PRAC_HC,FEMALE_DPC_DIETICIAN_HC,FEMALE_DPC_DISPENSER_HC,FEMALE_DPC_GPA_HC,FEMALE_DPC_HCA_HC,FEMALE_DPC_OST_HC,FEMALE_DPC_PHLEB_HC,FEMALE_DPC_PHARMA_HC,FEMALE_DPC_PHYSIO_HC,FEMALE_DPC_PODIA_HC,FEMALE_DPC_PHYSICIAN_ASSOC_HC,FEMALE_DPC_THERA_COU_HC,FEMALE_DPC_THERA_OCC_HC,FEMALE_DPC_THERA_OTH_HC,FEMALE_DPC_NURSE_ASSOC_HC,FEMALE_TRAINEE_DPC_NURSE_ASSOC_HC,FEMALE_DPC_PARAMED_HC,FEMALE_DPC_PHARMT_HC,FEMALE_DPC_TRAINEE_PHARMT_HC,FEMALE_DPC_SPLW_HC,FEMALE_DPC_NHS_TALKING_THERA_HC,FEMALE_DPC_TRAINEE_NHS_TALKING_THERA_HC,FEMALE_DPC_APP_HCA_HC,FEMALE_DPC_APP_PHLEB_HC,FEMALE_DPC_APP_PHARMA_HC,FEMALE_DPC_APP_PHYSIO_HC,FEMALE_DPC_APP_PHYSICIAN_ASSOC_HC,FEMALE_DPC_APP_OTH_HC,FEMALE_DPC_APPRENTICE_HC,FEMALE_DPC_HLTH_SPRT_WRK_HC,FEMALE_DPC_OTH_HC,TOTAL_DPC_FTE,TOTAL_DPC_ADV_DIETICIAN_PRAC_FTE,TOTAL_DPC_ADV_PARAMED_PRAC_FTE,TOTAL_DPC_ADV_PHARMA_PRAC_FTE,TOTAL_DPC_ADV_PHYSIO_PRAC_FTE,TOTAL_DPC_ADV_PODIA_PRAC_FTE,TOTAL_DPC_ADV_THERA_OCC_PRAC_FTE,TOTAL_DPC_DIETICIAN_FTE,TOTAL_DPC_DISPENSER_FTE,TOTAL_DPC_GPA_FTE,TOTAL_DPC_HCA_FTE,TOTAL_DPC_OST_FTE,TOTAL_DPC_PHLEB_FTE,TOTAL_DPC_PHARMA_FTE,TOTAL_DPC_PHYSIO_FTE,TOTAL_DPC_PODIA_FTE,TOTAL_DPC_PHYSICIAN_ASSOC_FTE,TOTAL_DPC_THERA_COU_FTE,TOTAL_DPC_THERA_OCC_FTE,TOTAL_DPC_THERA_OTH_FTE,TOTAL_DPC_NURSE_ASSOC_FTE,TOTAL_DPC_TRAINEE_NURSE_ASSOC_FTE,TOTAL_DPC_PARAMED_FTE,TOTAL_DPC_PHARMT_FTE,TOTAL_DPC_TRAINEE_PHARMT_FTE,TOTAL_DPC_SPLW_FTE,TOTAL_DPC_NHS_TALKING_THERA_FTE,TOTAL_DPC_TRAINEE_NHS_TALKING_THERA_FTE,TOTAL_DPC_APP_HCA_FTE,TOTAL_DPC_APP_PHLEB_FTE,TOTAL_DPC_APP_PHARMA_FTE,TOTAL_DPC_APP_PHYSIO_FTE,TOTAL_DPC_APP_PHYSICIAN_ASSOC_FTE,TOTAL_DPC_APP_OTH_FTE,TOTAL_DPC_APPRENTICE_FTE,TOTAL_DPC_HLTH_SPRT_WRK_FTE,TOTAL_DPC_OTH_FTE,MALE_DPC_FTE,MALE_DPC_ADV_DIETICIAN_PRAC_FTE,MALE_DPC_ADV_PARAMED_PRAC_FTE,MALE_DPC_ADV_PHARMA_PRAC_FTE,MALE_DPC_ADV_PHYSIO_PRAC_FTE,MALE_DPC_ADV_PODIA_PRAC_FTE,MALE_DPC_ADV_THERA_OCC_PRAC_FTE,MALE_DPC_DIETICIAN_FTE,MALE_DPC_DISPENSER_FTE,MALE_DPC_GPA_FTE,MALE_DPC_HCA_FTE,MALE_DPC_OST_FTE,MALE_DPC_PHLEB_FTE,MALE_DPC_PHARMA_FTE,MALE_DPC_PHYSIO_FTE,MALE_DPC_PODIA_FTE,MALE_DPC_PHYSICIAN_ASSOC_FTE,MALE_DPC_THERA_COU_FTE,MALE_DPC_THERA_OCC_FTE,MALE_DPC_THERA_OTH_FTE,MALE_DPC_NURSE_ASSOC_FTE,MALE_DPC_TRAINEE_NURSE_ASSOC_FTE,MALE_DPC_PARAMED_FTE,MALE_DPC_PHARMT_FTE,MALE_DPC_TRAINEE_PHARMT_FTE,MALE_DPC_SPLW_FTE,MALE_DPC_NHS_TALKING_THERA_FTE,MALE_DPC_TRAINEE_NHS_TALKING_THERA_FTE,MALE_DPC_APP_HCA_FTE,MALE_DPC_APP_PHLEB_FTE,MALE_DPC_APP_PHARMA_FTE,MALE_DPC_APP_PHYSIO_FTE,MALE_DPC_APP_PHYSICIAN_ASSOC_FTE,MALE_DPC_APP_OTH_FTE,MALE_DPC_APPRENTICE_FTE,MALE_DPC_HLTH_SPRT_WRK_FTE,MALE_DPC_OTH_FTE,FEMALE_DPC_FTE,FEMALE_DPC_ADV_DIETICIAN_PRAC_FTE,FEMALE_DPC_ADV_PARAMED_PRAC_FTE,FEMALE_DPC_ADV_PHARMA_PRAC_FTE,FEMALE_DPC_ADV_PHYSIO_PRAC_FTE,FEMALE_DPC_ADV_PODIA_PRAC_FTE,FEMALE_DPC_ADV_THERA_OCC_PRAC_FTE,FEMALE_DPC_DIETICIAN_FTE,FEMALE_DPC_DISPENSER_FTE,FEMALE_DPC_GPA_FTE,FEMALE_DPC_HCA_FTE,FEMALE_DPC_OST_FTE,FEMALE_DPC_PHLEB_FTE,FEMALE_DPC_PHARMA_FTE,FEMALE_DPC_PHYSIO_FTE,FEMALE_DPC_PODIA_FTE,FEMALE_DPC_PHYSICIAN_ASSOC_FTE,FEMALE_DPC_THERA_COU_FTE,FEMALE_DPC_THERA_OCC_FTE,FEMALE_DPC_THERA_OTH_FTE,FEMALE_DPC_NURSE_ASSOC_FTE,FEMALE_DPC_TRAINEE_NURSE_ASSOC_FTE,FEMALE_DPC_PARAMED_FTE,FEMALE_DPC_PHARMT_FTE,FEMALE_DPC_TRAINEE_PHARMT_FTE,FEMALE_DPC_SPLW_FTE,FEMALE_DPC_NHS_TALKING_THERA_FTE,FEMALE_DPC_TRAINEE_NHS_TALKING_THERA_FTE,FEMALE_DPC_APP_HCA_FTE,FEMALE_DPC_APP_PHLEB_FTE,FEMALE_DPC_APP_PHARMA_FTE,FEMALE_DPC_APP_PHYSIO_FTE,FEMALE_DPC_APP_PHYSICIAN_ASSOC_FTE,FEMALE_DPC_APP_OTH_FTE,FEMALE_DPC_APPRENTICE_FTE,FEMALE_DPC_HLTH_SPRT_WRK_FTE,FEMALE_DPC_OTH_FTE,TOTAL_DPC_HC_UNDER25,TOTAL_DPC_HC_25TO29,TOTAL_DPC_HC_30TO34,TOTAL_DPC_HC_35TO39,TOTAL_DPC_HC_40TO44,TOTAL_DPC_HC_45TO49,TOTAL_DPC_HC_50TO54,TOTAL_DPC_HC_55TO59,TOTAL_DPC_HC_60TO64,TOTAL_DPC_HC_65TO69,TOTAL_DPC_HC_70PLUS,TOTAL_DPC_HC_UNKNOWN_AGE,MALE_DPC_HC_UNDER25,MALE_DPC_HC_25TO29,MALE_DPC_HC_30TO34,MALE_DPC_HC_35TO39,MALE_DPC_HC_40TO44,MALE_DPC_HC_45TO49,MALE_DPC_HC_50TO54,MALE_DPC_HC_55TO59,MALE_DPC_HC_60TO64,MALE_DPC_HC_65TO69,MALE_DPC_HC_70PLUS,MALE_DPC_HC_UNKNOWN_AGE,FEMALE_DPC_HC_UNDER25,FEMALE_DPC_HC_25TO29,FEMALE_DPC_HC_30TO34,FEMALE_DPC_HC_35TO39,FEMALE_DPC_HC_40TO44,FEMALE_DPC_HC_45TO49,FEMALE_DPC_HC_50TO54,FEMALE_DPC_HC_55TO59,FEMALE_DPC_HC_60TO64,FEMALE_DPC_HC_65TO69,FEMALE_DPC_HC_70PLUS,FEMALE_DPC_HC_UNKNOWN_AGE,TOTAL_DPC_FTE_UNDER25,TOTAL_DPC_FTE_25TO29,TOTAL_DPC_FTE_30TO34,TOTAL_DPC_FTE_35TO39,TOTAL_DPC_FTE_40TO44,TOTAL_DPC_FTE_45TO49,TOTAL_DPC_FTE_50TO54,TOTAL_DPC_FTE_55TO59,TOTAL_DPC_FTE_60TO64,TOTAL_DPC_FTE_65TO69,TOTAL_DPC_FTE_70PLUS,TOTAL_DPC_FTE_UNKNOWN_AGE,TOTAL_ADMIN_HC,TOTAL_ADMIN_MANAGER_HC,TOTAL_ADMIN_MANAGE_PTNR_HC,TOTAL_ADMIN_MED_SECRETARY_HC,TOTAL_ADMIN_RECEPT_HC,TOTAL_ADMIN_TELEPH_HC,TOTAL_ADMIN_ESTATES_ANC_HC,TOTAL_ADMIN_DT_LEAD_HC,TOTAL_ADMIN_OTH_HC,TOTAL_ADMIN_APP_HC,MALE_ADMIN_HC,MALE_ADMIN_MANAGER_HC,MALE_ADMIN_MANAGE_PTNR_HC,MALE_ADMIN_MED_SECRETARY_HC,MALE_ADMIN_RECEPT_HC,MALE_ADMIN_TELEPH_HC,MALE_ADMIN_ESTATES_ANC_HC,MALE_ADMIN_DT_LEAD_HC,MALE_ADMIN_OTH_HC,MALE_ADMIN_APP_HC,FEMALE_ADMIN_HC,FEMALE_ADMIN_MANAGER_HC,FEMALE_ADMIN_MANAGE_PTNR_HC,FEMALE_ADMIN_MED_SECRETARY_HC,FEMALE_ADMIN_RECEPT_HC,FEMALE_ADMIN_TELEPH_HC,FEMALE_ADMIN_ESTATES_ANC_HC,FEMALE_ADMIN_DT_LEAD_HC,FEMALE_ADMIN_OTH_HC,FEMALE_ADMIN_APP_HC,TOTAL_ADMIN_FTE,TOTAL_ADMIN_MANAGER_FTE,TOTAL_ADMIN_MANAGE_PTNR_FTE,TOTAL_ADMIN_MED_SECRETARY_FTE,TOTAL_ADMIN_RECEPT_FTE,TOTAL_ADMIN_TELEPH_FTE,TOTAL_ADMIN_ESTATES_ANC_FTE,TOTAL_ADMIN_DT_LEAD_FTE,TOTAL_ADMIN_OTH_FTE,TOTAL_ADMIN_APP_FTE,MALE_ADMIN_FTE,MALE_ADMIN_MANAGER_FTE,MALE_ADMIN_MANAGE_PTNR_FTE,MALE_ADMIN_MED_SECRETARY_FTE,MALE_ADMIN_RECEPT_FTE,MALE_ADMIN_TELEPH_FTE,MALE_ADMIN_ESTATES_ANC_FTE,MALE_ADMIN_DT_LEAD_FTE,MALE_ADMIN_OTH_FTE,MALE_ADMIN_APP_FTE,FEMALE_ADMIN_FTE,FEMALE_ADMIN_MANAGER_FTE,FEMALE_ADMIN_MANAGE_PTNR_FTE,FEMALE_ADMIN_MED_SECRETARY_FTE,FEMALE_ADMIN_RECEPT_FTE,FEMALE_ADMIN_TELEPH_FTE,FEMALE_ADMIN_ESTATES_ANC_FTE,FEMALE_ADMIN_DT_LEAD_FTE,FEMALE_ADMIN_OTH_FTE,FEMALE_ADMIN_APP_FTE,TOTAL_ADMIN_HC_UNDER25,TOTAL_ADMIN_HC_25TO29,TOTAL_ADMIN_HC_30TO34,TOTAL_ADMIN_HC_35TO39,TOTAL_ADMIN_HC_40TO44,TOTAL_ADMIN_HC_45TO49,TOTAL_ADMIN_HC_50TO54,TOTAL_ADMIN_HC_55TO59,TOTAL_ADMIN_HC_60TO64,TOTAL_ADMIN_HC_65TO69,TOTAL_ADMIN_HC_70PLUS,TOTAL_ADMIN_HC_UNKNOWN_AGE,MALE_ADMIN_HC_UNDER25,MALE_ADMIN_HC_25TO29,MALE_ADMIN_HC_30TO34,MALE_ADMIN_HC_35TO39,MALE_ADMIN_HC_40TO44,MALE_ADMIN_HC_45TO49,MALE_ADMIN_HC_50TO54,MALE_ADMIN_HC_55TO59,MALE_ADMIN_HC_60TO64,MALE_ADMIN_HC_65TO69,MALE_ADMIN_HC_70PLUS,MALE_ADMIN_HC_UNKNOWN_AGE,FEMALE_ADMIN_HC_UNDER25,FEMALE_ADMIN_HC_25TO29,FEMALE_ADMIN_HC_30TO34,FEMALE_ADMIN_HC_35TO39,FEMALE_ADMIN_HC_40TO44,FEMALE_ADMIN_HC_45TO49,FEMALE_ADMIN_HC_50TO54,FEMALE_ADMIN_HC_55TO59,FEMALE_ADMIN_HC_60TO64,FEMALE_ADMIN_HC_65TO69,FEMALE_ADMIN_HC_70PLUS,FEMALE_ADMIN_HC_UNKNOWN_AGE,TOTAL_ADMIN_FTE_UNDER25,TOTAL_ADMIN_FTE_25TO29,TOTAL_ADMIN_FTE_30TO34,TOTAL_ADMIN_FTE_35TO39,TOTAL_ADMIN_FTE_40TO44,TOTAL_ADMIN_FTE_45TO49,TOTAL_ADMIN_FTE_50TO54,TOTAL_ADMIN_FTE_55TO59,TOTAL_ADMIN_FTE_60TO64,TOTAL_ADMIN_FTE_65TO69,TOTAL_ADMIN_FTE_70PLUS,TOTAL_ADMIN_FTE_UNKNOWN_AGE
M82002,MYTTON OAK MEDICAL PRACT.,U60057,SHREWSBURY PCN,M2L0M,"NHS Shropshire, Telford and Wrekin ICB - M2L0M",QOC,"NHS Shropshire, Telford and Wrekin ICB",Y60,Midlands,9989,4891,5097,1,208,592,1752,1317,516,379,127,199,527,1738,1338,605,493,197,Fully provided,Fully provided,Fully provided,Fully provided,7,5,7,5,1,3,1,0,0,2,0,0,0,0,0,0,0,0,3,2,3,2,0,2,0,0,0,1,0,0,0,0,0,0,0,0,4,3,4,3,1,1,1,0,0,1,0,0,0,0,0,0,0,0,6.06,4.353333333,6.06,4.353333333,0.88,2.94,0.533333333,0,0,1.706666667,0,0,0,0,0,0,0,0,2.813333333,1.96,2.813333333,1.96,0,1.96,0,0,0,0.853333333,0,0,0,0,0,0,0,0,3.246666667,2.393333333,3.246666667,2.393333333,0.88,0.98,0.533333333,0,0,0.853333333,0,0,0,0,0,0,0,0,0,2,0,1,0,3,1,0,0,0,0,0,1,0,0,0,1,1,0,0,0,0,0,1,0,1,0,2,0,0,0,0,0,0,1.706666667,0,0.533333333,0,2.84,0.98,0,0,0,0,2,0,2,0,0,3,0,0,0,0,0,0,1,0,1,0,0,1,0,0,0,0,0,0,1,0,1,0,0,2,0,0,0,0,0,0,0,0,0,1,0,3,1,0,0,0,0,0,0,0,0,0,1,1,0,0,0,0,0,0,0,1,0,2,0,0,0,0,0,0,2,0,1,0,3,1,0,0,0,0,0,1,0,0,0,1,1,0,0,0,0,0,1,0,1,0,2,0,0,0,0,0,0,0,0,1,0,3,1,0,0,0,0,0,0,0,0,0,1,1,0,0,0,0,0,0,0,1,0,2,0,0,0,0,0,3,2,1,0,0,0,0,0,0,0,0,0,0,0,0,0,0,0,0,0,3,2,1,0,0,0,0,0,0,0,2.68,1.68,1,0,0,0,0,0,0,0,0,0,0,0,0,0,0,0,0,0,2.68,1.68,1,0,0,0,0,0,0,0,0,1,0,0,0,1,1,0,0,0,0,0,0,0,0,0,0,0,0,0,0,0,0,0,0,1,0,0,0,1,1,0,0,0,0,0,0,0.96,0,0,0,0.72,1,0,0,0,0,0,1,0,1,0,0,0,0,0,0,0,0,0,0,0,0,0,0,0,0,0,0,0,0,0,0,0,0,0,0,0,0,0,0,0,0,0,0,1,0,1,0,0,0,0,0,0,0,0,0,0,0,0,0,0,0,0,0,0,0,0,0,0,0,0,0,0,0,0,0,0,0,0,0,0,0,0,0,0,0,0,0,0,0,0,0,0,0,0,0,0,0,0,0,0,0,0,0,0,0,0,0,0,0,0,0,0,0,0,0,0,0,1,0,1,0,0,0,0,0,0,0,0,0,0,0,0,0,0,0,0,0,0,0,0,0,0,0,0,0,0,0,0,0,0,0,0,0,0,1,0,1,0,0,0,0,0,0,0,0,0,0,0,0,0,0,0,0,0,0,0,0,0,0,0,0,0,0,0,0,0,0,0,0,0,0,0,0,0,0,0,0,0,0,0,0,0,0,0,0,0,0,0,0,0,0,0,0,0,0,0,0,0,0,0,0,0,0,0,0,0,0,0,0,0,1,0,0,0,0,0,0,0,0,0,0,0,1,0,0,0,0,0,0,0,0,0,0,0,0,0,0,0,0,0,0,0,0,0,0,0,1,0,0,0,0,0,0,0,0,0,17,2,0,3,7,0,0,0,5,0,2,1,0,0,0,0,0,0,1,0,15,1,0,3,7,0,0,0,4,0,12.12133,2.013333,0,2.254667,4.506667,0,0,0,3.346667,0,1.453333,1,0,0,0,0,0,0,0.453333,0,10.668,1.013333,0,2.254667,4.506667,0,0,0,2.893333,0,0,1,0,1,3,1,4,3,2,2,0,0,0,0,0,0,0,0,0,1,0,1,0,0,0,1,0,1,3,1,4,2,2,1,0,0,0,1.013333,0,0.64,2.241333,0.666667,2.2,2.786667,1.64,0.933333,0,0
M82006,RIVERSIDE MED PRACTICE,U60057,SHREWSBURY PCN,M2L0M,"NHS Shropshire, Telford and Wrekin ICB - M2L0M",QOC,"NHS Shropshire, Telford and Wrekin ICB",Y60,Midlands,11509,5746,5760,3,243,543,2358,1478,561,424,139,251,542,2306,1288,587,569,217,Fully provided,Fully provided,Fully provided,Fully provided,9,7,9,7,0,4,3,0,1,0,0,0,0,1,0,0,0,0,2,2,2,2,0,2,0,0,0,0,0,0,0,0,0,0,0,0,7,5,7,5,0,2,3,0,1,0,0,0,0,1,0,0,0,0,7.173333333,5.04,7.173333333,5.04,0,3.2,1.84,0,1.066666667,0,0,0,0,1.066666667,0,0,0,0,1.6,1.6,1.6,1.6,0,1.6,0,0,0,0,0,0,0,0,0,0,0,0,5.573333333,3.44,5.573333333,3.44,0,1.6,1.84,0,1.066666667,0,0,0,0,1.066666667,0,0,0,0,1,1,1,3,1,1,1,0,0,0,0,0,0,0,1,0,0,1,0,0,0,0,1,1,1,2,1,1,0,0,0,0,0,1.066666667,1.066666667,0.76,2.226666667,0.453333333,0.8,0.8,0,0,0,0,9,0,0,0,0,0,0,0,0,0,0,0,2,0,0,0,0,0,0,0,0,0,0,0,7,0,0,0,0,0,0,0,0,0,0,0,0,0,1,3,1,1,1,0,0,0,0,0,0,0,1,0,0,1,0,0,0,0,0,0,1,2,1,1,0,0,0,0,0,1,1,1,3,1,1,1,0,0,0,0,0,0,0,1,0,0,1,0,0,0,0,1,1,1,2,1,1,0,0,0,0,0,0,0,1,3,1,1,1,0,0,0,0,0,0,0,1,0,0,1,0,0,0,0,0,0,1,2,1,1,0,0,0,0,0,6,2,4,0,0,0,0,0,0,0,2,0,2,0,0,0,0,0,0,0,4,2,2,0,0,0,0,0,0,0,5.493333,1.906667,3.586667,0,0,0,0,0,0,0,1.986667,0,1.986667,0,0,0,0,0,0,0,3.506667,1.906667,1.6,0,0,0,0,0,0,0,0,0,0,1,1,0,1,2,1,0,0,0,0,0,0,0,1,0,0,1,0,0,0,0,0,0,0,1,0,0,1,1,1,0,0,0,0,0,0,0.92,1,0,0.986667,1.866667,0.72,0,0,0,3,0,0,0,0,0,0,0,0,0,2,0,0,0,0,0,0,0,0,0,0,0,0,0,0,0,0,0,0,0,0,0,0,0,0,0,1,0,0,0,0,0,0,0,0,0,0,0,0,0,0,0,0,0,0,0,0,0,0,0,0,0,0,0,0,0,0,0,0,0,0,0,0,0,3,0,0,0,0,0,0,0,0,0,2,0,0,0,0,0,0,0,0,0,0,0,0,0,0,0,0,0,0,0,0,0,0,0,0,0,1,2.08,0,0,0,0,0,0,0,0,0,1.44,0,0,0,0,0,0,0,0,0,0,0,0,0,0,0,0,0,0,0,0,0,0,0,0,0,0.64,0,0,0,0,0,0,0,0,0,0,0,0,0,0,0,0,0,0,0,0,0,0,0,0,0,0,0,0,0,0,0,0,0,0,0,0,0,2.08,0,0,0,0,0,0,0,0,0,1.44,0,0,0,0,0,0,0,0,0,0,0,0,0,0,0,0,0,0,0,0,0,0,0,0,0,0.64,0,0,0,0,1,0,0,1,0,1,0,0,0,0,0,0,0,0,0,0,0,0,0,0,0,0,0,0,1,0,0,1,0,1,0,0,0,0,0,0,0.453333,0,0,0.986667,0,0.64,0,0,16,3,0,1,9,0,0,0,2,1,1,0,0,0,0,0,0,0,0,1,15,3,0,1,9,0,0,0,2,0,13.97333,2.613333,0,0.986667,7.573333,0,0,0,1.813333,0.986667,0.986667,0,0,0,0,0,0,0,0,0.986667,12.98667,2.613333,0,0.986667,7.573333,0,0,0,1.813333,0,2,3,3,0,2,1,1,0,4,0,0,0,1,0,0,0,0,0,0,0,0,0,0,0,1,3,3,0,2,1,1,0,4,0,0,0,1.973333,2.906667,2.853333,0,1.733333,0.826667,0.533333,0,3.146667,0,0,0
M82016,RADBROOK GREEN SURGERY,U60057,SHREWSBURY PCN,M2L0M,"NHS Shropshire, Telford and Wrekin ICB - M2L0M",QOC,"NHS Shropshire, Telford and Wrekin ICB",Y60,Midlands,10648,5238,5409,1,171,595,1827,1259,669,519,198,176,520,1694,1373,714,628,304,Fully provided,Fully provided,Fully provided,Fully provided,9,7,9,7,0,5,2,0,1,0,1,0,0,0,0,0,0,0,4,3,4,3,0,3,0,0,1,0,0,0,0,0,0,0,0,0,5,4,5,4,0,2,2,0,0,0,1,0,0,0,0,0,0,0,6.333333333,4.52,6.333333333,4.52,0,3.546666667,0.973333333,0,1.066666667,0,0.746666667,0,0,0,0,0,0,0,3.386666667,2.32,3.386666667,2.32,0,2.32,0,0,1.066666667,0,0,0,0,0,0,0,0,0,2.946666667,2.2,2.946666667,2.2,0,1.226666667,0.973333333,0,0,0,0.746666667,0,0,0,0,0,0,0,1,0,2,1,1,2,2,0,0,0,0,1,0,0,1,1,1,0,0,0,0,0,0,0,2,0,0,1,2,0,0,0,0,1.066666667,0,1.28,0.773333333,0.666666667,1.546666667,1,0,0,0,0,9,0,0,0,0,0,0,0,0,0,0,0,4,0,0,0,0,0,0,0,0,0,0,0,5,0,0,0,0,0,0,0,0,0,0,0,0,0,1,1,1,2,2,0,0,0,0,0,0,0,1,1,1,0,0,0,0,0,0,0,1,0,0,1,2,0,0,0,0,1,0,2,1,1,2,2,0,0,0,0,1,0,0,1,1,1,0,0,0,0,0,0,0,2,0,0,1,2,0,0,0,0,0,0,1,1,1,2,2,0,0,0,0,0,0,0,1,1,1,0,0,0,0,0,0,0,1,0,0,1,2,0,0,0,0,2,2,0,0,0,0,0,0,0,0,0,0,0,0,0,0,0,0,0,0,2,2,0,0,0,0,0,0,0,0,1.466667,1.466667,0,0,0,0,0,0,0,0,0,0,0,0,0,0,0,0,0,0,1.466667,1.466667,0,0,0,0,0,0,0,0,0,0,0,0,0,0,2,0,0,0,0,0,0,0,0,0,0,0,0,0,0,0,0,0,0,0,0,0,0,0,2,0,0,0,0,0,0,0,0,0,0,0,1.466667,0,0,0,0,0,4,0,0,0,0,0,0,0,0,0,3,0,0,0,0,0,0,0,0,0,0,0,0,0,0,0,0,0,0,0,0,0,0,0,0,0,1,0,0,0,0,0,0,0,0,0,0,0,0,0,0,0,0,0,0,0,0,0,0,0,0,0,0,0,0,0,0,0,0,0,0,0,0,0,4,0,0,0,0,0,0,0,0,0,3,0,0,0,0,0,0,0,0,0,0,0,0,0,0,0,0,0,0,0,0,0,0,0,0,0,1,3.053333,0,0,0,0,0,0,0,0,0,2.213333,0,0,0,0,0,0,0,0,0,0,0,0,0,0,0,0,0,0,0,0,0,0,0,0,0,0.84,0,0,0,0,0,0,0,0,0,0,0,0,0,0,0,0,0,0,0,0,0,0,0,0,0,0,0,0,0,0,0,0,0,0,0,0,0,3.053333,0,0,0,0,0,0,0,0,0,2.213333,0,0,0,0,0,0,0,0,0,0,0,0,0,0,0,0,0,0,0,0,0,0,0,0,0,0.84,1,0,0,1,0,1,0,1,0,0,0,0,0,0,0,0,0,0,0,0,0,0,0,0,1,0,0,1,0,1,0,1,0,0,0,0,0.733333,0,0,0.64,0,0.84,0,0.84,0,0,0,0,22,2,0,1,16,0,0,0,2,1,0,0,0,0,0,0,0,0,0,0,22,2,0,1,16,0,0,0,2,1,14.48,1.92,0,0.72,9.306667,0,0,0,1.546667,0.986667,0,0,0,0,0,0,0,0,0,0,14.48,1.92,0,0.72,9.306667,0,0,0,1.546667,0.986667,1,0,1,1,0,0,1,7,8,2,1,0,0,0,0,0,0,0,0,0,0,0,0,0,1,0,1,1,0,0,1,7,8,2,1,0,0.986667,0,0.533333,0.933333,0,0,0.986667,4.826667,4.546667,1.24,0.426667,0
M82018,BEECHES MEDICAL PRACTICE,U60057,SHREWSBURY PCN,M2L0M,"NHS Shropshire, Telford and Wrekin ICB - M2L0M",QOC,"NHS Shropshire, Telford and Wrekin ICB",Y60,Midlands,7219,3575,3644,0,141,445,1174,875,443,364,133,151,384,1138,927,459,430,155,Fully provided,Fully provided,No valid or current data,Fully provided,6,4,6,4,0,4,0,0,1,1,0,0,0,0,0,0,0,0,3,2,3,2,0,2,0,0,0,1,0,0,0,0,0,0,0,0,3,2,3,2,0,2,0,0,1,0,0,0,0,0,0,0,0,0,5.12,3.2,5.12,3.2,0,3.2,0,0,0.853333333,1.066666667,0,0,0,0,0,0,0,0,2.8,1.733333333,2.8,1.733333333,0,1.733333333,0,0,0,1.066666667,0,0,0,0,0,0,0,0,2.32,1.466666667,2.32,1.466666667,0,1.466666667,0,0,0.853333333,0,0,0,0,0,0,0,0,0,1,1,2,0,1,1,0,0,0,0,0,0,1,1,0,1,0,0,0,0,0,0,1,0,1,0,0,1,0,0,0,0,0,0.853333333,1.066666667,1.6,0,0.933333333,0.666666667,0,0,0,0,0,6,0,0,0,0,0,0,0,0,0,0,0,3,0,0,0,0,0,0,0,0,0,0,0,3,0,0,0,0,0,0,0,0,0,0,0,0,0,2,0,1,1,0,0,0,0,0,0,0,1,0,1,0,0,0,0,0,0,0,0,1,0,0,1,0,0,0,0,0,1,1,2,0,1,1,0,0,0,0,0,0,1,1,0,1,0,0,0,0,0,0,1,0,1,0,0,1,0,0,0,0,0,0,0,2,0,1,1,0,0,0,0,0,0,0,1,0,1,0,0,0,0,0,0,0,0,1,0,0,1,0,0,0,0,0,3,2,1,0,0,1,0,0,0,0,0,0,0,0,0,0,0,0,0,0,3,2,1,0,0,1,0,0,0,0,3.133333,1.226667,1,0,0,0.906667,0,0,0,0,0,0,0,0,0,0,0,0,0,0,3.133333,1.226667,1,0,0,0.906667,0,0,0,0,0,0,0,1,0,1,0,0,1,0,0,0,0,0,0,0,0,0,0,0,0,0,0,0,0,0,0,1,0,1,0,0,1,0,0,0,0,0,0,1.76,0,1,0,0,0.373333,0,0,0,0,0,0,0,0,0,0,0,0,0,0,0,0,0,0,0,0,0,0,0,0,0,0,0,0,0,0,0,0,0,0,0,0,0,0,0,0,0,0,0,0,0,0,0,0,0,0,0,0,0,0,0,0,0,0,0,0,0,0,0,0,0,0,0,0,0,0,0,0,0,0,0,0,0,0,0,0,0,0,0,0,0,0,0,0,0,0,0,0,0,0,0,0,0,0,0,0,0,0,0,0,0,0,0,0,0,0,0,0,0,0,0,0,0,0,0,0,0,0,0,0,0,0,0,0,0,0,0,0,0,0,0,0,0,0,0,0,0,0,0,0,0,0,0,0,0,0,0,0,0,0,0,0,0,0,0,0,0,0,0,0,0,0,0,0,0,0,0,0,0,0,0,0,0,0,0,0,0,0,0,0,0,0,0,0,0,0,0,0,0,0,0,0,0,0,0,0,0,0,0,0,0,0,0,0,0,0,0,0,0,0,0,0,0,0,0,0,0,0,0,0,0,0,0,0,0,0,0,0,0,0,0,0,0,0,0,0,0,0,0,0,0,0,0,0,0,0,0,0,0,0,0,0,0,0,0,0,0,0,0,0,0,0,0,0,0,0,0,0,0,18,3,0,3,8,0,0,0,3,1,0,0,0,0,0,0,0,0,0,0,18,3,0,3,8,0,0,0,3,1,14.64,2.64,0,2.48,6.066667,0,0,0,2.453333,1,0,0,0,0,0,0,0,0,0,0,14.64,2.64,0,2.48,6.066667,0,0,0,2.453333,1,1,1,4,2,2,2,0,5,1,0,1,0,0,0,0,0,0,0,0,0,0,0,0,0,1,1,4,2,2,2,0,5,1,0,1,0,1,0.906667,3.706667,1.626667,1.866667,0.88,0,3.56,0.506667,0,0.586667,0
M82023,PRESCOTT SURGERY,U60057,SHREWSBURY PCN,M2L0M,"NHS Shropshire, Telford and Wrekin ICB - M2L0M",QOC,"NHS Shropshire, Telford and Wrekin ICB",Y60,Midlands,7689,3728,3961,0,171,405,1239,1035,447,340,91,145,435,1312,1087,521,333,128,Fully provided,Fully provided,Fully provided,Fully provided,8,7,8,7,0,3,4,0,1,0,0,0,0,0,0,0,0,0,4,4,4,4,0,3,1,0,0,0,0,0,0,0,0,0,0,0,4,3,4,3,0,0,3,0,1,0,0,0,0,0,0,0,0,0,5.12,4.053333333,5.12,4.053333333,0,2.346666667,1.706666667,0,1.066666667,0,0,0,0,0,0,0,0,0,2.986666667,2.986666667,2.986666667,2.986666667,0,2.346666667,0.64,0,0,0,0,0,0,0,0,0,0,0,2.133333333,1.066666667,2.133333333,1.066666667,0,0,1.066666667,0,1.066666667,0,0,0,0,0,0,0,0,0,1,0,0,3,0,1,3,0,0,0,0,0,0,0,2,0,1,1,0,0,0,0,1,0,0,1,0,0,2,0,0,0,0,1.066666667,0,0,1.866666667,0,0.64,1.546666667,0,0,0,0,7,0,0,1,0,0,0,0,0,0,0,0,4,0,0,0,0,0,0,0,0,0,0,0,3,0,0,1,0,0,0,0,0,0,0,0,0,0,0,3,0,1,3,0,0,0,0,0,0,0,2,0,1,1,0,0,0,0,0,0,0,1,0,0,2,0,0,0,0,1,0,0,3,0,1,3,0,0,0,0,0,0,0,2,0,1,1,0,0,0,0,1,0,0,1,0,0,2,0,0,0,0,0,0,0,3,0,1,3,0,0,0,0,0,0,0,2,0,1,1,0,0,0,0,0,0,0,1,0,0,2,0,0,0,0,1,1,0,0,0,0,0,0,0,0,0,0,0,0,0,0,0,0,0,0,1,1,0,0,0,0,0,0,0,0,0.64,0.64,0,0,0,0,0,0,0,0,0,0,0,0,0,0,0,0,0,0,0.64,0.64,0,0,0,0,0,0,0,0,0,0,0,0,0,0,0,1,0,0,0,0,0,0,0,0,0,0,0,0,0,0,0,0,0,0,0,0,0,0,0,1,0,0,0,0,0,0,0,0,0,0,0,0.64,0,0,0,0,7,0,0,0,0,0,0,0,5,0,1,0,0,0,0,0,0,0,0,0,0,0,0,0,0,1,0,0,0,0,0,0,0,0,0,0,0,1,0,0,0,0,0,0,0,0,0,0,0,0,0,0,0,0,0,0,0,0,0,0,0,0,1,0,0,0,0,0,0,0,0,0,0,0,6,0,0,0,0,0,0,0,5,0,1,0,0,0,0,0,0,0,0,0,0,0,0,0,0,0,0,0,0,0,0,0,0,0,0,0,0,5.266667,0,0,0,0,0,0,0,4.173333,0,0.8,0,0,0,0,0,0,0,0,0,0,0,0,0,0,0.293333,0,0,0,0,0,0,0,0,0,0,0,0.293333,0,0,0,0,0,0,0,0,0,0,0,0,0,0,0,0,0,0,0,0,0,0,0,0,0.293333,0,0,0,0,0,0,0,0,0,0,0,4.973333,0,0,0,0,0,0,0,4.173333,0,0.8,0,0,0,0,0,0,0,0,0,0,0,0,0,0,0,0,0,0,0,0,0,0,0,0,0,0,1,0,1,0,1,1,0,1,1,1,0,0,0,0,0,0,0,0,0,0,0,1,0,0,1,0,1,0,1,1,0,1,1,0,0,0,0.853333,0,0.8,0,0.666667,1,0,0.8,0.853333,0.293333,0,0,12,1,0,0,7,0,0,0,4,0,0,0,0,0,0,0,0,0,0,0,12,1,0,0,7,0,0,0,4,0,9.813333,0.56,0,0,6.08,0,0,0,3.173333,0,0,0,0,0,0,0,0,0,0,0,9.813333,0.56,0,0,6.08,0,0,0,3.173333,0,0,2,0,3,0,0,1,3,3,0,0,0,0,0,0,0,0,0,0,0,0,0,0,0,0,2,0,3,0,0,1,3,3,0,0,0,0,2,0,2.56,0,0,0.8,2.293333,2.16,0,0,0
M82032,SEVERN FIELDS MEDICAL PRACTICE,U60057,SHREWSBURY PCN,M2L0M,"NHS Shropshire, Telford and Wrekin ICB - M2L0M",QOC,"NHS Shropshire, Telford and Wrekin ICB",Y60,Midlands,16574,8386,8185,3,380,1058,3468,2091,807,447,135,363,1039,3173,2014,827,531,238,Fully provided,Fully provided,Fully provided,Fully provided,8,7,8,7,1,1,4,0,0,1,0,0,0,0,1,0,0,0,5,4,5,4,1,1,1,0,0,1,0,0,0,0,1,0,0,0,3,3,3,3,0,0,3,0,0,0,0,0,0,0,0,0,0,0,6.813333333,5.746666667,6.813333333,5.746666667,1.066666667,1.066666667,3.08,0,0,1.066666667,0,0,0,0,0.533333333,0,0,0,4.453333333,3.386666667,4.453333333,3.386666667,1.066666667,1.066666667,0.72,0,0,1.066666667,0,0,0,0,0.533333333,0,0,0,2.36,2.36,2.36,2.36,0,0,2.36,0,0,0,0,0,0,0,0,0,0,0,1,0,1,1,1,0,0,1,2,0,1,1,0,0,0,0,0,0,1,2,0,1,0,0,1,1,1,0,0,0,0,0,0,1.066666667,0,0.96,0.6,0.8,0,0,1.066666667,1.6,0,0.72,6,0,0,1,0,1,0,0,0,0,0,0,4,0,0,1,0,0,0,0,0,0,0,0,2,0,0,0,0,1,0,0,0,0,0,0,0,0,1,1,1,0,0,1,2,0,1,0,0,0,0,0,0,0,1,2,0,1,0,0,1,1,1,0,0,0,0,0,0,1,0,1,1,1,0,0,1,2,0,1,1,0,0,0,0,0,0,1,2,0,1,0,0,1,1,1,0,0,0,0,0,0,0,0,1,1,1,0,0,1,2,0,1,0,0,0,0,0,0,0,1,2,0,1,0,0,1,1,1,0,0,0,0,0,0,10,8,1,0,1,0,0,0,0,0,2,1,0,0,1,0,0,0,0,0,8,7,1,0,0,0,0,0,0,0,7.733333,5.746667,0.986667,0,1,0,0,0,0,0,2,1,0,0,1,0,0,0,0,0,5.733333,4.746667,0.986667,0,0,0,0,0,0,0,0,0,0,3,0,0,2,1,2,1,1,0,0,0,0,1,0,0,0,1,0,0,0,0,0,0,0,2,0,0,2,0,2,1,1,0,0,0,0,2.68,0,0,1.893333,1,1.04,0.64,0.48,0,5,0,0,0,0,0,0,0,0,0,2,0,0,2,0,0,0,0,0,0,0,0,1,0,0,0,0,0,0,0,0,0,0,0,0,0,0,1,0,0,0,0,0,0,0,0,0,0,0,0,0,0,0,0,0,0,0,0,0,1,0,0,0,0,0,0,0,0,0,0,0,0,0,0,4,0,0,0,0,0,0,0,0,0,2,0,0,2,0,0,0,0,0,0,0,0,0,0,0,0,0,0,0,0,0,0,0,0,0,0,0,4.4,0,0,0,0,0,0,0,0,0,1.8,0,0,1.6,0,0,0,0,0,0,0,0,1,0,0,0,0,0,0,0,0,0,0,0,0,0,0,1,0,0,0,0,0,0,0,0,0,0,0,0,0,0,0,0,0,0,0,0,0,1,0,0,0,0,0,0,0,0,0,0,0,0,0,0,3.4,0,0,0,0,0,0,0,0,0,1.8,0,0,1.6,0,0,0,0,0,0,0,0,0,0,0,0,0,0,0,0,0,0,0,0,0,0,0,0,0,2,0,1,0,0,0,2,0,0,0,0,0,1,0,0,0,0,0,0,0,0,0,0,0,1,0,1,0,0,0,2,0,0,0,0,0,1.8,0,0.8,0,0,0,1.8,0,0,0,24,3,0,3,11,0,0,0,7,0,1,0,0,0,1,0,0,0,0,0,23,3,0,3,10,0,0,0,7,0,19.32,2.56,0,2.453333,9.673333,0,0,0,4.633333,0,0.746667,0,0,0,0.746667,0,0,0,0,0,18.57333,2.56,0,2.453333,8.926667,0,0,0,4.633333,0,0,1,3,1,2,1,5,4,2,2,2,1,0,0,1,0,0,0,0,0,0,0,0,0,0,1,2,1,2,1,5,4,2,2,2,1,0,0.92,2.6,0.533333,1.34,0.8,4.173333,3,1.546667,1.72,1.706667,0.98
M82034,CLAREMONT BANK SURGERY,U60057,SHREWSBURY PCN,M2L0M,"NHS Shropshire, Telford and Wrekin ICB - M2L0M",QOC,"NHS Shropshire, Telford and Wrekin ICB",Y60,Midlands,7951,3880,4069,2,118,343,1339,1076,529,376,99,120,321,1309,1143,576,439,161,Fully provided,Fully provided,Fully provided,Fully provided,7,6,7,6,1,4,1,0,0,1,0,0,0,0,0,0,0,0,3,3,3,3,1,2,0,0,0,0,0,0,0,0,0,0,0,0,4,3,4,3,0,2,1,0,0,1,0,0,0,0,0,0,0,0,5.653333333,4.8,5.653333333,4.8,0.533333333,3.2,1.066666667,0,0,0.853333333,0,0,0,0,0,0,0,0,2.133333333,2.133333333,2.133333333,2.133333333,0.533333333,1.6,0,0,0,0,0,0,0,0,0,0,0,0,3.52,2.666666667,3.52,2.666666667,0,1.6,1.066666667,0,0,0.853333333,0,0,0,0,0,0,0,0,0,1,3,0,0,0,0,2,1,0,0,0,0,1,0,0,0,0,2,0,0,0,0,1,2,0,0,0,0,0,1,0,0,0,1.066666667,2.986666667,0,0,0,0,1.066666667,0.533333333,0,0,6,0,0,1,0,0,0,0,0,0,0,0,3,0,0,0,0,0,0,0,0,0,0,0,3,0,0,1,0,0,0,0,0,0,0,0,0,1,2,0,0,0,0,2,1,0,0,0,0,1,0,0,0,0,2,0,0,0,0,1,1,0,0,0,0,0,1,0,0,0,1,3,0,0,0,0,2,1,0,0,0,0,1,0,0,0,0,2,0,0,0,0,1,2,0,0,0,0,0,1,0,0,0,1,2,0,0,0,0,2,1,0,0,0,0,1,0,0,0,0,2,0,0,0,0,1,1,0,0,0,0,0,1,0,0,2,2,0,0,0,0,0,0,0,0,0,0,0,0,0,0,0,0,0,0,2,2,0,0,0,0,0,0,0,0,1.306667,1.306667,0,0,0,0,0,0,0,0,0,0,0,0,0,0,0,0,0,0,1.306667,1.306667,0,0,0,0,0,0,0,0,0,0,0,1,1,0,0,0,0,0,0,0,0,0,0,0,0,0,0,0,0,0,0,0,0,0,0,1,1,0,0,0,0,0,0,0,0,0,0,0.666667,0.64,0,0,0,0,0,0,0,3,0,0,0,0,0,0,0,0,0,1,0,0,0,0,0,0,0,0,0,2,0,0,0,0,0,0,0,0,0,0,0,0,0,0,0,0,0,0,0,0,0,0,0,0,0,0,0,0,0,0,0,0,0,0,0,0,0,0,0,0,0,0,0,0,0,0,0,0,0,0,0,0,0,3,0,0,0,0,0,0,0,0,0,1,0,0,0,0,0,0,0,0,0,2,0,0,0,0,0,0,0,0,0,0,0,0,0,0,0,0,1.653333,0,0,0,0,0,0,0,0,0,0.213333,0,0,0,0,0,0,0,0,0,1.44,0,0,0,0,0,0,0,0,0,0,0,0,0,0,0,0,0,0,0,0,0,0,0,0,0,0,0,0,0,0,0,0,0,0,0,0,0,0,0,0,0,0,0,0,0,0,0,0,0,0,0,0,0,1.653333,0,0,0,0,0,0,0,0,0,0.213333,0,0,0,0,0,0,0,0,0,1.44,0,0,0,0,0,0,0,0,0,0,0,0,0,0,0,0,0,0,0,1,1,0,0,0,0,1,0,0,0,0,0,0,0,0,0,0,0,0,0,0,0,0,0,1,1,0,0,0,0,1,0,0,0,0,0,0.8,0.64,0,0,0,0,0.213333,0,0,12,1,0,0,9,0,0,0,1,1,0,0,0,0,0,0,0,0,0,0,12,1,0,0,9,0,0,0,1,1,8.946667,1,0,0,6.466667,0,0,0,0.48,1,0,0,0,0,0,0,0,0,0,0,8.946667,1,0,0,6.466667,0,0,0,0.48,1,1,3,0,1,0,0,3,0,3,0,0,1,0,0,0,0,0,0,0,0,0,0,0,0,1,3,0,1,0,0,3,0,3,0,0,1,0.453333,2.733333,0,0.373333,0,0,2.64,0,2.48,0,0,0.266667
M82040,MARYSVILLE MEDICAL PRACT,U60057,SHREWSBURY PCN,M2L0M,"NHS Shropshire, Telford and Wrekin ICB - M2L0M",QOC,"NHS Shropshire, Telford and Wrekin ICB",Y60,Midlands,6443,3243,3199,1,139,338,1213,957,335,202,59,124,320,1235,930,308,203,79,Fully provided,Fully provided,Fully provided,Fully provided,7,5,7,5,0,1,4,0,0,0,2,0,0,0,0,0,0,0,3,2,3,2,0,0,2,0,0,0,1,0,0,0,0,0,0,0,4,3,4,3,0,1,2,0,0,0,1,0,0,0,0,0,0,0,3.984,2.277333333,3.984,2.277333333,0,0.72,1.557333333,0,0,0,1.706666667,0,0,0,0,0,0,0,1.637333333,0.997333333,1.637333333,0.997333333,0,0,0.997333333,0,0,0,0.64,0,0,0,0,0,0,0,2.346666667,1.28,2.346666667,1.28,0,0.72,0.56,0,0,0,1.066666667,0,0,0,0,0,0,0,0,0,2,1,2,2,0,0,0,0,0,0,0,0,0,1,2,0,0,0,0,0,0,0,2,1,1,0,0,0,0,0,0,0,0,1.786666667,0.336,0.864,0.997333333,0,0,0,0,0,5,0,1,1,0,0,0,0,0,0,0,0,2,0,0,1,0,0,0,0,0,0,0,0,3,0,1,0,0,0,0,0,0,0,0,0,0,0,1,1,1,2,0,0,0,0,0,0,0,0,0,0,2,0,0,0,0,0,0,0,1,1,1,0,0,0,0,0,0,0,0,2,1,2,2,0,0,0,0,0,0,0,0,0,1,2,0,0,0,0,0,0,0,2,1,1,0,0,0,0,0,0,0,0,1,1,1,2,0,0,0,0,0,0,0,0,0,0,2,0,0,0,0,0,0,0,1,1,1,0,0,0,0,0,0,4,1,1,0,0,1,1,0,0,0,0,0,0,0,0,0,0,0,0,0,4,1,1,0,0,1,1,0,0,0,2.6,1,0.533333,0,0,0.426667,0.64,0,0,0,0,0,0,0,0,0,0,0,0,0,2.6,1,0.533333,0,0,0.426667,0.64,0,0,0,1,1,0,0,0,0,1,0,0,1,0,0,0,0,0,0,0,0,0,0,0,0,0,0,1,1,0,0,0,0,1,0,0,1,0,0,0.64,1,0,0,0,0,0.533333,0,0,0.426667,0,0,4,0,0,0,0,0,0,0,0,0,0,0,0,0,0,0,0,1,0,1,1,1,0,0,0,0,0,0,0,0,0,0,0,0,0,0,0,1,0,0,0,0,0,0,0,0,0,0,0,0,0,0,0,0,0,0,1,0,0,0,0,0,0,0,0,0,0,0,0,0,0,0,0,0,3,0,0,0,0,0,0,0,0,0,0,0,0,0,0,0,0,1,0,0,1,1,0,0,0,0,0,0,0,0,0,0,0,0,0,0,0,2.12,0,0,0,0,0,0,0,0,0,0,0,0,0,0,0,0,0.04,0,0.4,0.68,1,0,0,0,0,0,0,0,0,0,0,0,0,0,0,0,0.4,0,0,0,0,0,0,0,0,0,0,0,0,0,0,0,0,0,0,0.4,0,0,0,0,0,0,0,0,0,0,0,0,0,0,0,0,0,1.72,0,0,0,0,0,0,0,0,0,0,0,0,0,0,0,0,0.04,0,0,0.68,1,0,0,0,0,0,0,0,0,0,0,0,0,0,0,0,1,0,0,1,1,0,0,0,0,0,1,0,0,0,0,0,0,0,0,0,0,0,1,0,1,0,0,1,1,0,0,0,0,0,0,0,1,0,0,0.68,0.04,0,0,0,0,0,0.4,0,12,2,1,1,7,0,0,0,1,1,0,0,0,0,0,0,0,0,0,0,12,2,1,1,7,0,0,0,1,1,10.65333,1.213333,0.64,0.8,6.36,0,0,0,0.64,1,0,0,0,0,0,0,0,0,0,0,10.65333,1.213333,0.64,0.8,6.36,0,0,0,0.64,1,7,1,0,0,1,1,0,1,0,1,0,0,0,0,0,0,0,0,0,0,0,0,0,0,7,1,0,0,1,1,0,1,0,1,0,0,6.36,1,0,0,0.853333,0.64,0,1,0,0.8,0,0
M82047,MARDEN MEDICAL PRACTICE,U60057,SHREWSBURY PCN,M2L0M,"NHS Shropshire, Telford and Wrekin ICB - M2L0M",QOC,"NHS Shropshire, Telford and Wrekin ICB",Y60,Midlands,11154,5303,5849,2,295,626,1855,1356,594,394,183,278,558,1961,1525,669,566,292,Fully provided,Fully provided,Fully provided,Fully provided,8,7,8,7,0,3,4,0,0,1,0,0,0,0,0,0,0,0,3,3,3,3,0,1,2,0,0,0,0,0,0,0,0,0,0,0,5,4,5,4,0,2,2,0,0,1,0,0,0,0,0,0,0,0,5.88,5.24,5.88,5.24,0,2.126666667,3.113333333,0,0,0.64,0,0,0,0,0,0,0,0,2.626666667,2.626666667,2.626666667,2.626666667,0,1,1.626666667,0,0,0,0,0,0,0,0,0,0,0,3.253333333,2.613333333,3.253333333,2.613333333,0,1.126666667,1.486666667,0,0,0.64,0,0,0,0,0,0,0,0,1,0,2,2,1,2,0,0,0,0,0,0,0,2,0,0,1,0,0,0,0,0,1,0,0,2,1,1,0,0,0,0,0,0.64,0,1.626666667,1.486666667,0.5,1.626666667,0,0,0,0,0,8,0,0,0,0,0,0,0,0,0,0,0,3,0,0,0,0,0,0,0,0,0,0,0,5,0,0,0,0,0,0,0,0,0,0,0,0,0,2,2,1,2,0,0,0,0,0,0,0,2,0,0,1,0,0,0,0,0,0,0,0,2,1,1,0,0,0,0,0,1,0,2,2,1,2,0,0,0,0,0,0,0,2,0,0,1,0,0,0,0,0,1,0,0,2,1,1,0,0,0,0,0,0,0,2,2,1,2,0,0,0,0,0,0,0,2,0,0,1,0,0,0,0,0,0,0,0,2,1,1,0,0,0,0,0,5,3,2,0,0,0,0,0,0,0,0,0,0,0,0,0,0,0,0,0,5,3,2,0,0,0,0,0,0,0,3.093333,1.6,1.493333,0,0,0,0,0,0,0,0,0,0,0,0,0,0,0,0,0,3.093333,1.6,1.493333,0,0,0,0,0,0,0,0,0,0,0,0,0,2,2,1,0,0,0,0,0,0,0,0,0,0,0,0,0,0,0,0,0,0,0,0,0,2,2,1,0,0,0,0,0,0,0,0,0,1.493333,0.96,0.64,0,0,0,2,0,0,0,0,0,0,0,0,0,2,0,0,0,0,0,0,0,0,0,0,0,0,0,0,0,0,0,0,0,0,0,0,0,0,0,0,0,0,0,0,0,0,0,0,0,0,0,0,0,0,0,0,0,0,0,0,0,0,0,0,0,0,0,0,0,0,0,0,0,0,0,0,0,2,0,0,0,0,0,0,0,0,0,2,0,0,0,0,0,0,0,0,0,0,0,0,0,0,0,0,0,0,0,0,0,0,0,0,0,0,1.413333,0,0,0,0,0,0,0,0,0,1.413333,0,0,0,0,0,0,0,0,0,0,0,0,0,0,0,0,0,0,0,0,0,0,0,0,0,0,0,0,0,0,0,0,0,0,0,0,0,0,0,0,0,0,0,0,0,0,0,0,0,0,0,0,0,0,0,0,0,0,0,0,0,0,0,1.413333,0,0,0,0,0,0,0,0,0,1.413333,0,0,0,0,0,0,0,0,0,0,0,0,0,0,0,0,0,0,0,0,0,0,0,0,0,0,0,0,0,0,0,1,1,0,0,0,0,0,0,0,0,0,0,0,0,0,0,0,0,0,0,0,0,0,0,1,1,0,0,0,0,0,0,0,0,0,0,0.666667,0.746667,0,0,0,0,0,23,1,0,1,12,0,1,0,7,1,0,0,0,0,0,0,0,0,0,0,23,1,0,1,12,0,1,0,7,1,14.19333,0.986667,0,0.373333,7.553333,0,0.533333,0,3.76,0.986667,0,0,0,0,0,0,0,0,0,0,14.19333,0.986667,0,0.373333,7.553333,0,0.533333,0,3.76,0.986667,2,1,2,0,1,1,5,3,7,1,0,0,0,0,0,0,0,0,0,0,0,0,0,0,2,1,2,0,1,1,5,3,7,1,0,0,1.973333,0.526667,1.54,0,0.8,0.6,3.186667,1.4,4.06,0.106667,0,0
M82048,BELVIDERE MEDICAL PRACT.,U60057,SHREWSBURY PCN,M2L0M,"NHS Shropshire, Telford and Wrekin ICB - M2L0M",QOC,"NHS Shropshire, Telford and Wrekin ICB",Y60,Midlands,6938,3357,3581,0,160,369,1260,826,388,279,75,136,418,1273,901,405,305,143,Fully provided,Fully provided,Fully provided,Fully provided,5,5,5,5,0,2,3,0,0,0,0,0,0,0,0,0,0,0,1,1,1,1,0,0,1,0,0,0,0,0,0,0,0,0,0,0,4,4,4,4,0,2,2,0,0,0,0,0,0,0,0,0,0,0,3.106666667,3.106666667,3.106666667,3.106666667,0,1.333333333,1.773333333,0,0,0,0,0,0,0,0,0,0,0,0.666666667,0.666666667,0.666666667,0.666666667,0,0,0.666666667,0,0,0,0,0,0,0,0,0,0,0,2.44,2.44,2.44,2.44,0,1.333333333,1.106666667,0,0,0,0,0,0,0,0,0,0,0,0,1,0,0,3,0,1,0,0,0,0,0,0,0,0,1,0,0,0,0,0,0,0,1,0,0,2,0,1,0,0,0,0,0,0.44,0,0,2,0,0.666666667,0,0,0,0,5,0,0,0,0,0,0,0,0,0,0,0,1,0,0,0,0,0,0,0,0,0,0,0,4,0,0,0,0,0,0,0,0,0,0,0,0,1,0,0,3,0,1,0,0,0,0,0,0,0,0,1,0,0,0,0,0,0,0,1,0,0,2,0,1,0,0,0,0,0,1,0,0,3,0,1,0,0,0,0,0,0,0,0,1,0,0,0,0,0,0,0,1,0,0,2,0,1,0,0,0,0,0,1,0,0,3,0,1,0,0,0,0,0,0,0,0,1,0,0,0,0,0,0,0,1,0,0,2,0,1,0,0,0,0,4,3,0,0,0,1,0,0,0,0,0,0,0,0,0,0,0,0,0,0,4,3,0,0,0,1,0,0,0,0,1.653333,1.12,0,0,0,0.533333,0,0,0,0,0,0,0,0,0,0,0,0,0,0,1.653333,1.12,0,0,0,0.533333,0,0,0,0,0,0,0,1,0,0,0,2,1,0,0,0,0,0,0,0,0,0,0,0,0,0,0,0,0,0,0,1,0,0,0,2,1,0,0,0,0,0,0,0.746667,0,0,0,0.746667,0.16,0,0,0,2,0,0,0,0,0,0,0,0,0,1,0,0,0,0,0,0,0,0,0,0,0,0,0,0,0,0,0,0,0,0,0,0,0,0,0,1,0,0,0,0,0,0,0,0,0,0,0,0,0,0,0,0,0,0,0,0,0,0,0,0,0,0,0,0,0,0,0,0,0,0,0,0,0,2,0,0,0,0,0,0,0,0,0,1,0,0,0,0,0,0,0,0,0,0,0,0,0,0,0,0,0,0,0,0,0,0,0,0,0,1,0.693333,0,0,0,0,0,0,0,0,0,0.533333,0,0,0,0,0,0,0,0,0,0,0,0,0,0,0,0,0,0,0,0,0,0,0,0,0,0.16,0,0,0,0,0,0,0,0,0,0,0,0,0,0,0,0,0,0,0,0,0,0,0,0,0,0,0,0,0,0,0,0,0,0,0,0,0,0.693333,0,0,0,0,0,0,0,0,0,0.533333,0,0,0,0,0,0,0,0,0,0,0,0,0,0,0,0,0,0,0,0,0,0,0,0,0,0.16,0,0,0,0,1,0,1,0,0,0,0,0,0,0,0,0,0,0,0,0,0,0,0,0,0,0,0,0,1,0,1,0,0,0,0,0,0,0,0,0,0.16,0,0.533333,0,0,0,0,0,15,2,0,1,8,0,0,0,4,0,0,0,0,0,0,0,0,0,0,0,15,2,0,1,8,0,0,0,4,0,8.66,1.52,0,1.146667,4.313333,0,0,0,1.68,0,0,0,0,0,0,0,0,0,0,0,8.66,1.52,0,1.146667,4.313333,0,0,0,1.68,0,0,1,0,0,2,0,2,5,3,1,1,0,0,0,0,0,0,0,0,0,0,0,0,0,0,1,0,0,2,0,2,5,3,1,1,0,0,0.213333,0,0,1.413333,0,0.96,4.026667,1.433333,0.4,0.213333,0
M82060,SOUTH HERMITAGE SURGERY,U60057,SHREWSBURY PCN,M2L0M,"NHS Shropshire, Telford and Wrekin ICB - M2L0M",QOC,"NHS Shropshire, Telford and Wrekin ICB",Y60,Midlands,9134,4362,4770,2,207,465,1539,1202,481,352,116,191,432,1558,1361,546,463,219,Fully provided,Fully provided,Fully provided,Fully provided,8,8,8,8,0,4,4,0,0,0,0,0,0,0,0,0,0,0,2,2,2,2,0,1,1,0,0,0,0,0,0,0,0,0,0,0,6,6,6,6,0,3,3,0,0,0,0,0,0,0,0,0,0,0,4.88,4.88,4.88,4.88,0,2.666666667,2.213333333,0,0,0,0,0,0,0,0,0,0,0,1.386666667,1.386666667,1.386666667,1.386666667,0,0.746666667,0.64,0,0,0,0,0,0,0,0,0,0,0,3.493333333,3.493333333,3.493333333,3.493333333,0,1.92,1.573333333,0,0,0,0,0,0,0,0,0,0,0,0,0,1,0,5,0,0,2,0,0,0,0,0,0,0,1,0,0,1,0,0,0,0,0,1,0,4,0,0,1,0,0,0,0,0,0.453333333,0,2.933333333,0,0,1.493333333,0,0,0,5,1,0,1,0,0,0,0,0,0,0,1,2,0,0,0,0,0,0,0,0,0,0,0,3,1,0,1,0,0,0,0,0,0,0,1,0,0,1,0,5,0,0,2,0,0,0,0,0,0,0,1,0,0,1,0,0,0,0,0,1,0,4,0,0,1,0,0,0,0,0,1,0,5,0,0,2,0,0,0,0,0,0,0,1,0,0,1,0,0,0,0,0,1,0,4,0,0,1,0,0,0,0,0,1,0,5,0,0,2,0,0,0,0,0,0,0,1,0,0,1,0,0,0,0,0,1,0,4,0,0,1,0,0,0,5,5,0,0,0,0,0,0,0,0,0,0,0,0,0,0,0,0,0,0,5,5,0,0,0,0,0,0,0,0,2.96,2.96,0,0,0,0,0,0,0,0,0,0,0,0,0,0,0,0,0,0,2.96,2.96,0,0,0,0,0,0,0,0,0,0,2,1,0,0,0,1,1,0,0,0,0,0,0,0,0,0,0,0,0,0,0,0,0,0,2,1,0,0,0,1,1,0,0,0,0,0,1.4,0.4,0,0,0,0.68,0.48,0,0,0,3,0,0,0,0,0,0,0,0,0,0,0,1,1,0,0,0,0,0,0,0,1,0,0,0,0,0,0,0,0,0,0,0,0,0,0,0,1,0,0,0,0,0,0,0,0,0,0,0,0,1,0,0,0,0,0,0,0,0,0,0,0,0,0,0,0,0,0,0,0,0,0,0,0,2,0,0,0,0,0,0,0,0,0,0,0,1,0,0,0,0,0,0,0,0,1,0,0,0,0,0,0,0,0,0,0,0,0,0,0,0,1.946667,0,0,0,0,0,0,0,0,0,0,0,0.44,0.906667,0,0,0,0,0,0,0,0.6,0,0,0,0,0,0,0,0,0,0,0,0,0,0,0,0.906667,0,0,0,0,0,0,0,0,0,0,0,0,0.906667,0,0,0,0,0,0,0,0,0,0,0,0,0,0,0,0,0,0,0,0,0,0,0,1.04,0,0,0,0,0,0,0,0,0,0,0,0.44,0,0,0,0,0,0,0,0,0.6,0,0,0,0,0,0,0,0,0,0,0,0,0,0,0,0,0,0,0,0,0,1,1,1,0,0,0,0,0,0,0,0,0,0,0,1,0,0,0,0,0,0,0,0,0,1,1,0,0,0,0,0,0,0,0,0,0,0.44,0.6,0.906667,0,0,0,19,3,0,4,7,0,0,0,3,2,2,0,0,0,0,0,0,0,1,1,17,3,0,4,7,0,0,0,2,1,13.83333,2.6,0,2.553333,4.853333,0,0,0,1.826667,2,1.546667,0,0,0,0,0,0,0,0.546667,1,12.28667,2.6,0,2.553333,4.853333,0,0,0,1.28,1,1,2,2,4,1,0,2,3,4,0,0,0,0,1,0,0,0,0,0,0,1,0,0,0,1,1,2,4,1,0,2,3,3,0,0,0,1,1.426667,1.36,2.673333,0.533333,0,1.613333,2.24,2.986667,0,0,0