postcode,Latitude,Longitude,Easting,Northing
SY1 1AD,52.705472,-2.750596,349381,312243
SY1 1DF,52.707709,-2.750915,349362,312492
SY1 1DP,52.708713,-2.752664,349245,312605
SY1 1DW,52.709112,-2.750703,349378,312648
SY1 1DX,52.708953,-2.751795,349304,312631
SY1 1DY,52.708627,-2.750679,349379,312594
SY1 1ES,52.706972,-2.750858,349365,312410
SY1 1EZ,52.707342,-2.750642,349380,312451
SY1 1HD,52.708054,-2.754518,349119,312533
SY1 1HF,52.707654,-2.755281,349067,312489
SY1 1JD,52.707051,-2.756735,348968,312423
SY1 1JF,52.705615,-2.757895,348888,312264
SY1 1JH,52.706712,-2.756404,348990,312385
SY1 1JJ,52.706956,-2.757592,348910,312413
SY1 1JN,52.706079,-2.758465,348850,312316
SY1 1LE,52.707421,-2.755232,349070,312463
SY1 1LP,52.706769,-2.753016,349219,312389
SY1 1LT,52.706592,-2.754063,349148,312370
SY1 1LW,52.706926,-2.753832,349164,312407
SY1 1LZ,52.706604,-2.75507,349080,312372
SY1 1NG,52.707212,-2.755554,349048,312440
SY1 1NN,52.706922,-2.755964,349020,312408
SY1 1NQ,52.706561,-2.756061,349013,312368
SY1 1PD,52.71123,-2.75139,349334,312884
SY1 1PE,52.711001,-2.752008,349292,312859
SY1 1PP,52.709205,-2.755929,349025,312662
SY1 1PQ,52.709065,-2.75532,349066,312646
SY1 1PT,52.709596,-2.755225,349073,312705
SY1 1PU,52.709113,-2.756298,349000,312652
SY1 1PY,52.708416,-2.75559,349047,312574
SY1 1PZ,52.708337,-2.755263,349069,312565
SY1 1QD,52.708431,-2.756093,349013,312576
SY1 1QG,52.708045,-2.755998,349019,312533
SY1 1QU,52.708849,-2.756796,348966,312623
SY1 1RD,52.707836,-2.757726,348902,312511
SY1 1RG,52.708131,-2.758101,348877,312544
SY1 1RJ,52.708257,-2.759347,348793,312559
SY1 1RU,52.708652,-2.760893,348689,312604
SY1 1RW,52.708521,-2.758892,348824,312588
SY1 1SJ,52.708004,-2.75391,349160,312527
SY1 1SP,52.707292,-2.752906,349227,312447
SY1 1SQ,52.707958,-2.754191,349141,312522
SY1 1ST,52.707049,-2.752902,349227,312420
SY1 1TE,52.70563,-2.754002,349151,312263
SY1 1TG,52.705961,-2.750071,349417,312297
SY1 1TH,52.705055,-2.755443,349053,312200
SY1 1TZ,52.705878,-2.750454,349391,312288
SY1 1UD,52.705601,-2.748629,349514,312256
SY1 1UE,52.705629,-2.752729,349237,312262
SY1 1UH,52.707478,-2.751873,349297,312467
SY1 1UT,52.70675,-2.751757,349304,312386
SY1 1UW,52.70819,-2.752966,349224,312547
SY1 1XA,52.706123,-2.751421,349326,312316
SY1 1XB,52.706409,-2.750301,349402,312347
SY1 1XH,52.706573,-2.748572,349519,312364
SY1 1XJ,52.706047,-2.749244,349473,312306
SY1 1XL,52.705525,-2.749324,349467,312248
SY1 1XQ,52.706037,-2.747941,349561,312304
SY1 1XS,52.707785,-2.753122,349213,312502
SY1 2AA,52.711418,-2.750135,349419,312904
SY1 2AB,52.7112,-2.750487,349395,312880
SY1 2AD,52.710768,-2.750509,349393,312832
SY1 2AE,52.711378,-2.750756,349377,312900
SY1 2AF,52.718841,-2.743438,349880,313725
SY1 2AJ,52.710187,-2.751343,349336,312768
SY1 2AT,52.710195,-2.750188,349414,312768
SY1 2AU,52.7097,-2.750135,349417,312713
SY1 2BA,52.709052,-2.750272,349407,312641
SY1 2BF,52.720331,-2.753708,349188,313898
SY1 2BG,52.709879,-2.751752,349308,312734
SY1 2BL,52.722548,-2.754398,349144,314145
SY1 2BN,52.722858,-2.753589,349199,314179
SY1 2BQ,52.709614,-2.750992,349359,312704
SY1 2BW,52.709232,-2.75177,349306,312662
SY1 2BX,52.709399,-2.750856,349368,312680
SY1 2DA,52.717802,-2.754183,349153,313617
SY1 2DH,52.714545,-2.751803,349310,313253
SY1 2DJ,52.711873,-2.750572,349390,312955
SY1 2DL,52.714524,-2.752231,349281,313251
SY1 2DP,52.713913,-2.752236,349280,313183
SY1 2DR,52.713501,-2.751859,349305,313137
SY1 2DS,52.713638,-2.751624,349321,313152
SY1 2DX,52.715887,-2.752758,349247,313403
SY1 2DY,52.71639,-2.752856,349241,313459
SY1 2DZ,52.715648,-2.753583,349191,313377
SY1 2EA,52.716079,-2.753665,349186,313425
SY1 2EH,52.714209,-2.749473,349467,313214
SY1 2EQ,52.715231,-2.748484,349535,313327
SY1 2EU,52.715335,-2.747716,349587,313338
SY1 2EY,52.716257,-2.746813,349649,313440
SY1 2EZ,52.717367,-2.746122,349697,313563
SY1 2HA,52.718302,-2.74482,349786,313666
SY1 2HE,52.717516,-2.745325,349751,313579
SY1 2HH,52.718921,-2.744979,349776,313735
SY1 2HL,52.715896,-2.745579,349732,313399
SY1 2HQ,52.718598,-2.744899,349781,313699
SY1 2HS,52.712517,-2.745403,349740,313023
SY1 2HT,52.713068,-2.746374,349675,313085
SY1 2HY,52.713852,-2.746165,349690,313172
SY1 2JA,52.713235,-2.745652,349724,313103
SY1 2JB,52.712803,-2.744312,349814,313054
SY1 2JD,52.713058,-2.742244,349954,313081
SY1 2JF,52.713951,-2.744628,349794,313182
SY1 2JJ,52.714001,-2.742378,349946,313186
SY1 2JL,52.713795,-2.742405,349944,313163
SY1 2JN,52.713545,-2.743496,349870,313136
SY1 2JQ,52.713424,-2.744189,349823,313123
SY1 2JR,52.713577,-2.741305,350018,313138
SY1 2JT,52.714151,-2.741522,350004,313202
SY1 2JW,52.713435,-2.742324,349949,313123
SY1 2JX,52.714854,-2.741135,350031,313280
SY1 2JY,52.714587,-2.742211,349958,313251
SY1 2JZ,52.715153,-2.74228,349954,313314
SY1 2LB,52.71515,-2.742783,349920,313314
SY1 2LD,52.714887,-2.743178,349893,313285
SY1 2LE,52.71483,-2.743651,349861,313279
SY1 2LG,52.714464,-2.743141,349895,313238
SY1 2LN,52.716482,-2.753923,349169,313470
SY1 2LQ,52.714955,-2.746569,349664,313295
SY1 2LT,52.716587,-2.758647,348850,313485
SY1 2LY,52.716587,-2.758647,348850,313485
SY1 2NA,52.718447,-2.760131,348752,313693
SY1 2NF,52.719849,-2.76168,348649,313850
SY1 2NH,52.719742,-2.758761,348846,313836
SY1 2NL,52.718943,-2.757119,348956,313746
SY1 2NN,52.717727,-2.75615,349020,313610
SY1 2NQ,52.718716,-2.758892,348836,313722
SY1 2NR,52.717468,-2.757212,348948,313582
SY1 2NT,52.717262,-2.755639,349054,313558
SY1 2NW,52.718801,-2.758271,348878,313731
SY1 2NX,52.716916,-2.744915,349778,313512
SY1 2NY,52.717039,-2.754066,349160,313532
SY1 2PB,52.717919,-2.75565,349054,313631
SY1 2PJ,52.717844,-2.751815,349313,313620
SY1 2PL,52.717597,-2.751011,349367,313592
SY1 2PN,52.71813,-2.75065,349392,313651
SY1 2PT,52.719126,-2.752429,349273,313763
SY1 2PU,52.71961,-2.752689,349256,313817
SY1 2PX,52.719616,-2.751697,349323,313817
SY1 2PY,52.719363,-2.751856,349312,313789
SY1 2PZ,52.718908,-2.751256,349352,313738
SY1 2QA,52.718767,-2.750868,349378,313722
SY1 2QB,52.720143,-2.750744,349388,313875
SY1 2QD,52.719597,-2.750335,349415,313814
SY1 2QE,52.719337,-2.75036,349413,313785
SY1 2QF,52.718718,-2.750009,349436,313716
SY1 2QG,52.718883,-2.749597,349464,313734
SY1 2QJ,52.719534,-2.749016,349504,313806
SY1 2QL,52.719318,-2.748998,349505,313782
SY1 2QP,52.7201,-2.751868,349312,313871
SY1 2QQ,52.719935,-2.749541,349469,313851
SY1 2QR,52.720097,-2.752431,349274,313871
SY1 2QS,52.720557,-2.750707,349391,313921
SY1 2QT,52.722421,-2.751627,349331,314129
SY1 2QU,52.722959,-2.75054,349405,314188
SY1 2RA,52.722983,-2.752436,349277,314192
SY1 2RG,52.719249,-2.747146,349630,313773
SY1 2RH,52.719841,-2.747363,349616,313839
SY1 2RL,52.719693,-2.746532,349672,313822
SY1 2RN,52.716656,-2.752002,349299,313488
SY1 2RP,52.716094,-2.751385,349340,313425
SY1 2RS,52.71464,-2.745217,349755,313259
SY1 2RZ,52.715573,-2.742716,349925,313361
SY1 2SA,52.715425,-2.741958,349976,313344
SY1 2SB,52.715491,-2.741412,350013,313351
SY1 2SD,52.715596,-2.741917,349979,313363
SY1 2SF,52.716099,-2.741925,349979,313419
SY1 2SG,52.717819,-2.742843,349919,313611
SY1 2SH,52.717368,-2.741784,349990,313560
SY1 2SL,52.716746,-2.740486,350077,313490
SY1 2SN,52.717592,-2.740352,350087,313584
SY1 2SP,52.718689,-2.73741,350287,313704
SY1 2SR,52.718826,-2.741483,350012,313722
SY1 2SS,52.719143,-2.741163,350034,313757
SY1 2SU,52.716736,-2.743505,349873,313491
SY1 2TD,52.721091,-2.741625,350005,313974
SY1 2TN,52.718301,-2.737684,350268,313661
SY1 2TP,52.717533,-2.736872,350322,313575
SY1 2TS,52.7193,-2.740425,350084,313774
SY1 2TT,52.716401,-2.738185,350232,313450
SY1 2TU,52.715971,-2.739407,350149,313403
SY1 2TZ,52.717455,-2.739328,350156,313568
SY1 2UA,52.716551,-2.740053,350106,313468
SY1 2UB,52.723104,-2.735944,350391,314194
SY1 2UE,52.71709,-2.737279,350294,313526
SY1 2UG,52.720845,-2.736306,350364,313943
SY1 2UH,52.720416,-2.735854,350394,313895
SY1 2UL,52.721421,-2.73482,350465,314006
SY1 2UN,52.720621,-2.737649,350273,313919
SY1 2UQ,52.719669,-2.736079,350378,313812
SY1 2UR,52.721326,-2.73849,350217,313998
SY1 2US,52.721031,-2.73813,350241,313965
SY1 2UT,52.722048,-2.738044,350248,314078
SY1 2UU,52.720773,-2.739266,350164,313937
SY1 2UX,52.72179,-2.73761,350277,314049
SY1 3AH,52.736998,-2.726551,351041,315733
SY1 3AR,52.740105,-2.734334,350519,316084
SY1 3AS,52.741046,-2.731921,350683,316187
SY1 3AT,52.741356,-2.735614,350434,316224
SY1 3AU,52.738964,-2.734182,350528,315957
SY1 3AZ,52.736704,-2.730456,350777,315703
SY1 3BD,52.725302,-2.738143,350245,314440
SY1 3BE,52.725312,-2.739313,350166,314442
SY1 3BF,52.74598,-2.736462,350382,316739
SY1 3BG,52.725932,-2.739397,350161,314511
SY1 3BH,52.72626,-2.738751,350205,314547
SY1 3BJ,52.727526,-2.740401,350095,314689
SY1 3BN,52.728068,-2.741551,350018,314750
SY1 3BQ,52.726513,-2.738459,350225,314575
SY1 3BT,52.726549,-2.741421,350025,314581
SY1 3BU,52.726881,-2.74159,350014,314618
SY1 3BX,52.7253,-2.742792,349931,314443
SY1 3BY,52.726619,-2.7432,349905,314590
SY1 3BZ,52.726761,-2.742003,349986,314605
SY1 3DA,52.727108,-2.742645,349943,314644
SY1 3DE,52.728274,-2.744471,349821,314775
SY1 3DF,52.728886,-2.744349,349830,314843
SY1 3DH,52.729211,-2.742681,349943,314878
SY1 3DJ,52.729415,-2.743158,349911,314901
SY1 3DN,52.729687,-2.744288,349835,314932
SY1 3DR,52.730869,-2.744975,349790,315064
SY1 3DS,52.731569,-2.74509,349783,315142
SY1 3DT,52.731568,-2.743876,349865,315141
SY1 3DX,52.729173,-2.744531,349818,314875
SY1 3EA,52.730327,-2.745454,349757,315004
SY1 3EB,52.730431,-2.746033,349718,315016
SY1 3EL,52.730099,-2.743036,349920,314977
SY1 3EP,52.730813,-2.742471,349959,315056
SY1 3ES,52.732312,-2.741327,350038,315222
SY1 3EW,52.731277,-2.742968,349926,315108
SY1 3EX,52.732714,-2.741778,350008,315267
SY1 3EY,52.733214,-2.742304,349973,315323
SY1 3FB,52.746682,-2.737793,350293,316818
SY1 3HA,52.732833,-2.742876,349934,315281
SY1 3HB,52.733116,-2.74365,349882,315313
SY1 3HG,52.734104,-2.743697,349880,315423
SY1 3HH,52.734683,-2.743129,349919,315487
SY1 3HJ,52.735319,-2.743495,349895,315558
SY1 3HL,52.735374,-2.74474,349811,315565
SY1 3HN,52.735998,-2.744292,349842,315634
SY1 3HQ,52.734722,-2.744167,349849,315492
SY1 3HT,52.736161,-2.745405,349767,315653
SY1 3HW,52.734888,-2.74488,349801,315511
SY1 3HY,52.736303,-2.74286,349939,315667
SY1 3HZ,52.736298,-2.74366,349885,315667
SY1 3JA,52.7352,-2.742383,349970,315544
SY1 3JB,52.740517,-2.73597,350409,316131
SY1 3JD,52.740109,-2.736526,350371,316086
SY1 3JE,52.743994,-2.737821,350288,316519
SY1 3JG,52.738266,-2.732215,350660,315878
SY1 3JJ,52.737678,-2.734308,350518,315814
SY1 3JR,52.738276,-2.736392,350378,315882
SY1 3JY,52.737418,-2.734185,350526,315785
SY1 3LA,52.736866,-2.734783,350485,315724
SY1 3LD,52.733003,-2.735829,350410,315295
SY1 3LF,52.734268,-2.733259,350585,315434
SY1 3LG,52.733923,-2.736807,350345,315398
SY1 3LH,52.736043,-2.73705,350331,315634
SY1 3LL,52.735468,-2.738462,350235,315571
SY1 3LY,52.735991,-2.738219,350252,315629
SY1 3NA,52.734059,-2.737935,350269,315414
SY1 3NB,52.732268,-2.739697,350148,315216
SY1 3ND,52.730713,-2.741137,350049,315044
SY1 3NF,52.73461,-2.736167,350389,315474
SY1 3NH,52.730972,-2.741393,350032,315073
SY1 3PB,52.734906,-2.746362,349701,315514
SY1 3PE,52.73769,-2.74395,349867,315822
SY1 3PF,52.736813,-2.743195,349917,315724
SY1 3PG,52.737465,-2.742465,349967,315796
SY1 3PH,52.737631,-2.741861,350008,315814
SY1 3PR,52.738694,-2.740131,350126,315931
SY1 3PT,52.739672,-2.741777,350016,316041
SY1 3PW,52.738968,-2.742313,349979,315963
SY1 3PY,52.739034,-2.743218,349918,315971
SY1 3PZ,52.74015,-2.742911,349940,316095
SY1 3QB,52.741051,-2.739816,350150,316193
SY1 3QD,52.74069,-2.739943,350141,316153
SY1 3QG,52.740546,-2.738652,350228,316136
SY1 3QH,52.739494,-2.738649,350227,316019
SY1 3QS,52.738381,-2.741163,350056,315897
SY1 3RA,52.737019,-2.737659,350291,315743
SY1 3RE,52.736518,-2.735859,350412,315686
SY1 3RF,52.736947,-2.736177,350391,315734
SY1 3RG,52.741992,-2.741624,350029,316299
SY1 3RJ,52.74169,-2.739678,350160,316264
SY1 3RP,52.739157,-2.745057,349794,315986
SY1 3RQ,52.7416,-2.741203,350057,316255
SY1 3RR,52.740276,-2.744454,349836,316110
SY1 3RS,52.740976,-2.744584,349828,316188
SY1 3RU,52.742477,-2.74181,350017,316353
SY1 3RX,52.742912,-2.742706,349957,316402
SY1 3RZ,52.742966,-2.741167,350061,316407
SY1 3SA,52.731469,-2.746747,349671,315132
SY1 3SB,52.731807,-2.747286,349635,315170
SY1 3SD,52.732615,-2.746145,349713,315259
SY1 3SF,52.733403,-2.746528,349688,315347
SY1 3SJ,52.72717,-2.748525,349546,314655
SY1 3SN,52.72657,-2.74813,349572,314588
SY1 3SP,52.742848,-2.739935,350144,316393
SY1 3SQ,52.734396,-2.745864,349734,315457
SY1 3SR,52.722879,-2.747415,349616,314177
SY1 3SS,52.723383,-2.747379,349619,314233
SY1 3ST,52.722454,-2.747822,349588,314130
SY1 3SU,52.72251,-2.748978,349510,314137
SY1 3SX,52.722327,-2.749508,349474,314117
SY1 3TE,52.744175,-2.736121,350403,316538
SY1 3TF,52.744553,-2.737534,350308,316581
SY1 3TG,52.741515,-2.72867,350903,316237
SY1 3TJ,52.745067,-2.740165,350131,316640
SY1 3TL,52.732107,-2.735266,350447,315195
SY1 3TP,52.7421,-2.725673,351106,316300
SY1 3XA,52.742262,-2.743095,349930,316330
SY1 3XD,52.7421,-2.744574,349830,316313
SY1 3XE,52.728579,-2.750341,349425,314813
SY1 3XF,52.7288,-2.750892,349388,314838
SY1 3XG,52.7275,-2.750352,349423,314693
SY1 3XH,52.727298,-2.750926,349384,314671
SY1 3XP,52.725531,-2.750392,349418,314474
SY1 3XR,52.72526,-2.749114,349504,314443
SY1 3XT,52.727866,-2.749262,349497,314733
SY1 3XU,52.726203,-2.750759,349394,314549
SY1 3XW,52.725871,-2.749184,349500,314511
SY1 3XZ,52.726139,-2.749381,349487,314541
SY1 3YS,52.723906,-2.748573,349539,314292
SY1 3YT,52.723326,-2.749244,349493,314228
SY1 3YX,52.724571,-2.748628,349536,314366
SY1 3YY,52.724692,-2.747949,349582,314379
SY1 4AF,52.744452,-2.72029,351472,316558
SY1 4AQ,52.74348,-2.719015,351557,316449
SY1 4AR,52.741779,-2.719372,351531,316260
SY1 4AU,52.72435,-2.737979,350255,314334
SY1 4AY,52.723758,-2.737776,350268,314268
SY1 4AZ,52.724232,-2.736629,350346,314320
SY1 4BA,52.725669,-2.73689,350330,314480
SY1 4BD,52.724689,-2.738369,350229,314372
SY1 4BE,52.723516,-2.739105,350178,314242
SY1 4BF,52.745127,-2.720242,351476,316633
SY1 4BH,52.721595,-2.7415,350014,314030
SY1 4BP,52.722194,-2.741999,349981,314097
SY1 4BS,52.723057,-2.741999,349982,314193
SY1 4BT,52.723557,-2.741208,350036,314248
SY1 4BU,52.723821,-2.740679,350072,314277
SY1 4BW,52.722659,-2.742377,349956,314149
SY1 4DB,52.725428,-2.741017,350051,314456
SY1 4DD,52.726397,-2.73982,350133,314563
SY1 4DE,52.72567,-2.739659,350143,314482
SY1 4DF,52.724288,-2.739251,350169,314328
SY1 4DG,52.724373,-2.740052,350115,314338
SY1 4DL,52.7289,-2.733494,350563,314837
SY1 4DU,52.730629,-2.732931,350603,315029
SY1 4DW,52.727545,-2.734464,350496,314687
SY1 4DX,52.73168,-2.733156,350589,315146
SY1 4DY,52.732901,-2.731932,350673,315281
SY1 4DZ,52.732317,-2.730471,350771,315215
SY1 4EA,52.731273,-2.732039,350664,315100
SY1 4EB,52.731814,-2.731811,350680,315160
SY1 4EE,52.7309,-2.731307,350713,315058
SY1 4EJ,52.732318,-2.728813,350883,315214
SY1 4EL,52.733513,-2.727426,350978,315346
SY1 4ER,52.734651,-2.728007,350940,315473
SY1 4ES,52.735479,-2.727918,350947,315565
SY1 4ET,52.735042,-2.728799,350887,315517
SY1 4EX,52.734109,-2.726932,351012,315412
SY1 4EY,52.735471,-2.726244,351060,315563
SY1 4EZ,52.735142,-2.725587,351104,315526
SY1 4FA,52.7406,-2.715161,351814,316126
SY1 4FB,52.741726,-2.71629,351739,316252
SY1 4FD,52.740411,-2.715217,351810,316105
SY1 4FE,52.741135,-2.715806,351771,316186
SY1 4FF,52.741615,-2.715311,351805,316239
SY1 4FG,52.742086,-2.714741,351844,316291
SY1 4HA,52.736192,-2.724553,351175,315642
SY1 4HH,52.7315,-2.728799,350883,315123
SY1 4HJ,52.73195,-2.728703,350890,315173
SY1 4HL,52.731999,-2.728037,350935,315178
SY1 4HN,52.732538,-2.728002,350938,315238
SY1 4HP,52.731157,-2.728927,350874,315085
SY1 4HR,52.730879,-2.727367,350979,315053
SY1 4HT,52.731046,-2.729517,350834,315073
SY1 4HU,52.729495,-2.730232,350784,314901
SY1 4HW,52.733145,-2.727257,350989,315305
SY1 4HX,52.730036,-2.729989,350801,314961
SY1 4HY,52.729805,-2.730977,350734,314936
SY1 4JB,52.727431,-2.732552,350625,314673
SY1 4JD,52.728433,-2.731902,350670,314784
SY1 4JF,52.728861,-2.729555,350829,314830
SY1 4JG,52.73006,-2.727576,350964,314962
SY1 4JH,52.729098,-2.726049,351066,314854
SY1 4JJ,52.728987,-2.726536,351033,314842
SY1 4JL,52.728923,-2.728282,350915,314836
SY1 4JN,52.729088,-2.727767,350950,314854
SY1 4JY,52.729238,-2.722275,351321,314867
SY1 4JZ,52.729847,-2.722626,351298,314935
SY1 4LA,52.729079,-2.723369,351247,314850
SY1 4LD,52.72981,-2.725854,351080,314933
SY1 4LF,52.729939,-2.725308,351117,314947
SY1 4LG,52.731831,-2.726109,351065,315158
SY1 4LH,52.732929,-2.724454,351178,315279
SY1 4LP,52.732613,-2.726122,351065,315245
SY1 4LQ,52.731699,-2.725663,351095,315143
SY1 4LR,52.731497,-2.727792,350951,315122
SY1 4LW,52.733347,-2.725172,351130,315326
SY1 4LY,52.734599,-2.724793,351157,315465
SY1 4ND,52.732523,-2.721648,351367,315232
SY1 4NN,52.735571,-2.723076,351274,315572
SY1 4NQ,52.735127,-2.716374,351726,315518
SY1 4NR,52.735211,-2.715857,351761,315527
SY1 4NW,52.735744,-2.716933,351689,315587
SY1 4NX,52.735422,-2.723977,351213,315556
SY1 4NY,52.735195,-2.724314,351190,315531
SY1 4NZ,52.734405,-2.724197,351197,315443
SY1 4PE,52.734006,-2.721703,351365,315397
SY1 4PN,52.732562,-2.719709,351498,315235
SY1 4PY,52.729291,-2.719581,351503,314871
SY1 4QA,52.729288,-2.718485,351577,314870
SY1 4QB,52.72943,-2.717377,351652,314885
SY1 4QD,52.729801,-2.717013,351677,314926
SY1 4QE,52.731198,-2.717821,351624,315082
SY1 4QH,52.730729,-2.716628,351704,315029
SY1 4QJ,52.731954,-2.714738,351833,315164
SY1 4QP,52.730279,-2.713763,351897,314977
SY1 4QQ,52.731213,-2.716858,351689,315083
SY1 4QR,52.730167,-2.714486,351848,314965
SY1 4QW,52.730077,-2.71296,351951,314954
SY1 4QY,52.729878,-2.716126,351737,314934
SY1 4RB,52.725857,-2.732718,350612,314498
SY1 4RD,52.725588,-2.732551,350623,314468
SY1 4RE,52.72885,-2.712229,351999,314817
SY1 4RF,52.728891,-2.715739,351762,314824
SY1 4RG,52.728201,-2.715447,351781,314747
SY1 4RN,52.728588,-2.722798,351285,314795
SY1 4RP,52.728276,-2.725192,351123,314762
SY1 4RR,52.727469,-2.726289,351048,314673
SY1 4RT,52.726903,-2.730707,350749,314613
SY1 4RX,52.727415,-2.730834,350741,314670
SY1 4RY,52.727119,-2.733539,350558,314639
SY1 4RZ,52.726552,-2.733736,350544,314576
SY1 4SE,52.727497,-2.737839,350268,314684
SY1 4SF,52.727556,-2.737026,350323,314690
SY1 4SG,52.726786,-2.736613,350350,314604
SY1 4SH,52.726586,-2.731027,350727,314578
SY1 4SJ,52.726431,-2.731425,350700,314561
SY1 4SL,52.72627,-2.732769,350609,314544
SY1 4SP,52.727021,-2.724712,351154,314622
SY1 4SQ,52.728106,-2.711773,352029,314734
SY1 4SX,52.726846,-2.722384,351311,314601
SY1 4TA,52.733139,-2.712121,352011,315294
SY1 4TD,52.72953,-2.709767,352166,314891
SY1 4TJ,52.733751,-2.71496,351820,315364
SY1 4TL,52.733694,-2.715403,351790,315358
SY1 4TP,52.732229,-2.712462,351987,315193
SY1 4TQ,52.734257,-2.714509,351851,315420
SY1 4TR,52.733303,-2.71162,352045,315312
SY1 4TS,52.733801,-2.71111,352080,315367
SY1 4TT,52.73486,-2.711364,352064,315485
SY1 4TU,52.734738,-2.712177,352009,315472
SY1 4TX,52.735008,-2.712226,352006,315502
SY1 4UA,52.732312,-2.713514,351916,315203
SY1 4UB,52.735706,-2.714192,351874,315581
SY1 4UE,52.736244,-2.714408,351860,315641
SY1 4UF,52.737194,-2.713446,351926,315746
SY1 4UG,52.737201,-2.712291,352004,315746
SY1 4YA,52.738419,-2.71905,351549,315886
SY1 4YB,52.738107,-2.715594,351782,315849
SY1 4YD,52.737801,-2.715663,351777,315815
SY1 4YE,52.739349,-2.713926,351896,315986
SY1 4YG,52.738081,-2.71389,351897,315845
SY1 4YN,52.738841,-2.716124,351747,315931
SY1 4YP,52.738934,-2.715681,351777,315941
SY2 5AA,52.707953,-2.740662,350055,312512
SY2 5AD,52.708172,-2.740044,350097,312536
SY2 5AE,52.70824,-2.739261,350150,312543
SY2 5AG,52.707386,-2.739247,350150,312448
SY2 5AP,52.707906,-2.738042,350232,312505
SY2 5AS,52.710321,-2.737209,350291,312773
SY2 5AT,52.710971,-2.736732,350324,312845
SY2 5AU,52.710767,-2.736343,350350,312822
SY2 5AX,52.711573,-2.735395,350415,312911
SY2 5AY,52.712261,-2.734533,350474,312987
SY2 5BB,52.7139,-2.732636,350604,313168
SY2 5BG,52.716099,-2.730408,350757,313411
SY2 5BH,52.716133,-2.727744,350937,313413
SY2 5BL,52.714732,-2.730356,350759,313259
SY2 5BN,52.713859,-2.731999,350647,313163
SY2 5BP,52.710899,-2.732379,350618,312834
SY2 5BQ,52.716382,-2.728207,350906,313441
SY2 5BS,52.711504,-2.733351,350553,312902
SY2 5BU,52.710632,-2.734935,350445,312806
SY2 5BX,52.711927,-2.731804,350658,312948
SY2 5BY,52.709024,-2.738934,350173,312630
SY2 5BZ,52.711366,-2.73098,350713,312885
SY2 5DA,52.706847,-2.739237,350150,312388
SY2 5DD,52.716467,-2.73336,350558,313454
SY2 5DF,52.708673,-2.740467,350069,312592
SY2 5DG,52.709299,-2.741085,350028,312662
SY2 5DJ,52.710377,-2.738291,350218,312780
SY2 5DL,52.71092,-2.739173,350159,312841
SY2 5DN,52.710954,-2.737945,350242,312844
SY2 5DU,52.712404,-2.736149,350365,313004
SY2 5DY,52.713227,-2.735423,350415,313095
SY2 5EA,52.714574,-2.734157,350502,313244
SY2 5EB,52.714601,-2.732663,350603,313246
SY2 5ED,52.715087,-2.732686,350602,313300
SY2 5EF,52.715812,-2.734622,350472,313382
SY2 5EG,52.717497,-2.73391,350522,313569
SY2 5EH,52.709886,-2.739185,350157,312726
SY2 5EQ,52.717258,-2.733329,350561,313542
SY2 5ER,52.706783,-2.735048,350433,312378
SY2 5ES,52.706924,-2.73693,350306,312395
SY2 5ET,52.707175,-2.737038,350299,312423
SY2 5EU,52.707471,-2.73574,350387,312455
SY2 5EW,52.706433,-2.734953,350439,312339
SY2 5EX,52.707631,-2.734603,350464,312472
SY2 5EZ,52.708166,-2.73667,350325,312533
SY2 5GY,52.703948,-2.729687,350792,312059
SY2 5HA,52.708409,-2.736644,350327,312560
SY2 5HB,52.708334,-2.734378,350480,312550
SY2 5HD,52.708091,-2.734404,350478,312523
SY2 5HF,52.708834,-2.736355,350347,312607
SY2 5HH,52.708766,-2.734163,350495,312598
SY2 5HJ,52.708786,-2.732447,350611,312599
SY2 5HN,52.717281,-2.73253,350615,313544
SY2 5HQ,52.709009,-2.734153,350496,312625
SY2 5HR,52.706316,-2.718863,351526,312315
SY2 5HT,52.709674,-2.735748,350389,312700
SY2 5HU,52.710162,-2.733861,350517,312753
SY2 5HW,52.718895,-2.733179,350573,313724
SY2 5HX,52.70968,-2.733291,350555,312699
SY2 5HY,52.709525,-2.732119,350634,312681
SY2 5JA,52.710196,-2.731286,350691,312755
SY2 5JD,52.710168,-2.729969,350780,312751
SY2 5JE,52.710015,-2.728501,350879,312733
SY2 5JF,52.709705,-2.72925,350828,312699
SY2 5JG,52.710409,-2.728685,350867,312777
SY2 5JH,52.711093,-2.728563,350876,312853
SY2 5JJ,52.71081,-2.727877,350922,312821
SY2 5JN,52.711378,-2.727665,350937,312884
SY2 5JQ,52.711028,-2.728932,350851,312846
SY2 5JT,52.711927,-2.727467,350951,312945
SY2 5JU,52.712021,-2.728297,350895,312956
SY2 5JZ,52.711204,-2.723769,351200,312862
SY2 5LA,52.711142,-2.722125,351311,312854
SY2 5LD,52.711871,-2.720464,351424,312934
SY2 5LE,52.712466,-2.718801,351537,312999
SY2 5LF,52.712667,-2.716673,351681,313020
SY2 5LG,52.711605,-2.719868,351464,312904
SY2 5LH,52.711226,-2.717153,351647,312860
SY2 5LL,52.711449,-2.715942,351729,312884
SY2 5LQ,52.711947,-2.718363,351566,312941
SY2 5LT,52.706358,-2.729653,350797,312327
SY2 5LU,52.707402,-2.728043,350907,312442
SY2 5LW,52.709465,-2.715436,351761,312663
SY2 5LX,52.707918,-2.727459,350947,312499
SY2 5LY,52.708327,-2.725246,351097,312543
SY2 5LZ,52.708663,-2.727546,350942,312582
SY2 5NA,52.708769,-2.729397,350817,312595
SY2 5NB,52.708083,-2.729741,350793,312519
SY2 5NF,52.706595,-2.727703,350929,312352
SY2 5NG,52.706791,-2.726463,351013,312373
SY2 5NH,52.707484,-2.724862,351122,312449
SY2 5NJ,52.708044,-2.723021,351247,312510
SY2 5NP,52.708439,-2.720186,351439,312552
SY2 5NQ,52.706496,-2.724801,351125,312339
SY2 5NR,52.708135,-2.719929,351456,312518
SY2 5NS,52.707422,-2.718866,351527,312438
SY2 5NT,52.70597,-2.721107,351374,312278
SY2 5NU,52.705452,-2.720536,351412,312220
SY2 5NW,52.706297,-2.720535,351413,312314
SY2 5NY,52.704341,-2.730093,350765,312103
SY2 5PA,52.705159,-2.72876,350856,312193
SY2 5PB,52.705527,-2.727286,350956,312233
SY2 5PF,52.706653,-2.728415,350881,312359
SY2 5PG,52.70461,-2.7273,350954,312131
SY2 5PH,52.705339,-2.722784,351260,312209
SY2 5PJ,52.70453,-2.722859,351254,312119
SY2 5PL,52.704237,-2.725133,351100,312088
SY2 5PN,52.704331,-2.721598,351339,312096
SY2 5PQ,52.704964,-2.725293,351090,312169
SY2 5PR,52.714425,-2.723378,351230,313220
SY2 5PS,52.714747,-2.723546,351219,313256
SY2 5PT,52.714945,-2.722143,351314,313277
SY2 5PW,52.703839,-2.713701,351872,312036
SY2 5PZ,52.713962,-2.726923,350990,313171
SY2 5QB,52.71295,-2.727824,350928,313059
SY2 5QE,52.712424,-2.727016,350982,313000
SY2 5QG,52.712491,-2.726351,351027,313007
SY2 5QL,52.715296,-2.727804,350932,313320
SY2 5QP,52.714733,-2.724375,351163,313255
SY2 5QQ,52.713672,-2.725897,351059,313138
SY2 5QR,52.713536,-2.724518,351152,313122
SY2 5QT,52.713036,-2.723962,351189,313066
SY2 5QU,52.712375,-2.724751,351135,312993
SY2 5QX,52.711616,-2.725374,351092,312909
SY2 5RG,52.710097,-2.722492,351285,312738
SY2 5RL,52.710638,-2.719289,351502,312796
SY2 5RP,52.715008,-2.723506,351222,313285
SY2 5RZ,52.717834,-2.728957,350857,313603
SY2 5SA,52.717427,-2.727854,350931,313557
SY2 5SB,52.716963,-2.728646,350877,313506
SY2 5SD,52.718137,-2.727837,350933,313636
SY2 5SG,52.7185,-2.727324,350968,313676
SY2 5SJ,52.717471,-2.725101,351117,313560
SY2 5SL,52.71884,-2.724695,351146,313712
SY2 5SN,52.716953,-2.725877,351064,313503
SY2 5SQ,52.71751,-2.725961,351059,313565
SY2 5SS,52.718163,-2.722152,351317,313635
SY2 5SW,52.717546,-2.724466,351160,313568
SY2 5SY,52.719158,-2.721117,351388,313745
SY2 5SZ,52.720856,-2.724284,351176,313936
SY2 5TB,52.719874,-2.723098,351255,313826
SY2 5TD,52.719985,-2.724077,351189,313839
SY2 5TF,52.719743,-2.719646,351488,313809
SY2 5TG,52.719789,-2.720935,351401,313815
SY2 5TH,52.703253,-2.717022,351647,311973
SY2 5TJ,52.720203,-2.720794,351411,313861
SY2 5TN,52.718587,-2.721922,351333,313682
SY2 5TP,52.718874,-2.723496,351227,313715
SY2 5TR,52.71829,-2.723398,351233,313650
SY2 5TT,52.720651,-2.721009,351397,313911
SY2 5TU,52.701149,-2.717017,351645,311739
SY2 5TX,52.717966,-2.719143,351520,313611
SY2 5TZ,52.717212,-2.721855,351336,313529
SY2 5UE,52.71656,-2.719594,351488,313455
SY2 5UF,52.716041,-2.717839,351606,313396
SY2 5UH,52.718019,-2.717812,351610,313616
SY2 5UL,52.716016,-2.716047,351727,313392
SY2 5UN,52.716253,-2.716998,351663,313419
SY2 5UP,52.715179,-2.714686,351818,313298
SY2 5US,52.700674,-2.716728,351664,311686
SY2 5UU,52.714774,-2.716263,351711,313254
SY2 5UW,52.715458,-2.716082,351724,313330
SY2 5UX,52.714605,-2.717371,351636,313236
SY2 5UZ,52.715125,-2.719156,351516,313295
SY2 5WA,52.703314,-2.717333,351626,311980
SY2 5WB,52.703732,-2.718036,351579,312027
SY2 5WD,52.704057,-2.714859,351794,312061
SY2 5WE,52.702111,-2.720037,351442,311848
SY2 5WF,52.701784,-2.719025,351510,311811
SY2 5WG,52.702379,-2.714343,351827,311874
SY2 5WH,52.703476,-2.714317,351830,311996
SY2 5WJ,52.702985,-2.718246,351564,311944
SY2 5WL,52.703478,-2.718417,351553,311999
SY2 5WN,52.703581,-2.720653,351402,312012
SY2 5WP,52.704273,-2.717734,351600,312087
SY2 5WQ,52.700786,-2.716138,351704,311698
SY2 5WR,52.700946,-2.714986,351782,311715
SY2 5WS,52.701501,-2.71683,351658,311778
SY2 5WT,52.701096,-2.718422,351550,311734
SY2 5WU,52.700143,-2.718332,351555,311628
SY2 5WW,52.699463,-2.717803,351590,311552
SY2 5WX,52.699245,-2.718169,351565,311528
SY2 5WY,52.699588,-2.716458,351681,311565
SY2 5XA,52.715753,-2.719329,351505,313365
SY2 5XB,52.716325,-2.719916,351466,313429
SY2 5XF,52.716007,-2.721879,351333,313395
SY2 5XJ,52.713413,-2.71673,351678,313103
SY2 5XN,52.714321,-2.719646,351482,313206
SY2 5XP,52.714195,-2.721257,351373,313193
SY2 5XR,52.713787,-2.720259,351440,313147
SY2 5XS,52.719252,-2.723488,351228,313757
SY2 5XW,52.714708,-2.721059,351387,313250
SY2 5XX,52.718915,-2.729922,350793,313724
SY2 5YA,52.712857,-2.717949,351595,313042
SY2 5YB,52.713296,-2.718312,351571,313091
SY2 5YE,52.712931,-2.719149,351514,313051
SY2 5YF,52.713511,-2.719899,351464,313116
SY2 5YG,52.714261,-2.719186,351513,313199
SY2 5YJ,52.710473,-2.716844,351667,312776
SY2 5YL,52.719449,-2.732329,350631,313785
SY2 5YN,52.720928,-2.731658,350678,313949
SY2 5YT,52.705064,-2.719301,351495,312176
SY2 6AB,52.708657,-2.747379,349602,312595
SY2 6AF,52.707945,-2.747722,349578,312516
SY2 6AG,52.708482,-2.7452,349749,312574
SY2 6AH,52.707141,-2.742528,349928,312423
SY2 6AL,52.706225,-2.740959,350033,312320
SY2 6AN,52.709374,-2.747688,349582,312675
SY2 6AP,52.705964,-2.738038,350230,312289
SY2 6AR,52.705318,-2.736473,350335,312216
SY2 6AT,52.708672,-2.747883,349568,312597
SY2 6AY,52.704864,-2.737102,350292,312166
SY2 6AZ,52.705287,-2.734253,350485,312211
SY2 6BA,52.705859,-2.736187,350355,312276
SY2 6BG,52.706948,-2.74026,350081,312400
SY2 6BL,52.708183,-2.742738,349915,312539
SY2 6BP,52.708786,-2.744022,349829,312607
SY2 6BQ,52.707247,-2.741331,350009,312434
SY2 6BU,52.708061,-2.744882,349770,312527
SY2 6BW,52.705844,-2.738614,350191,312276
SY2 6BX,52.707852,-2.745308,349741,312504
SY2 6BY,52.705639,-2.739735,350115,312254
SY2 6DD,52.700001,-2.731249,350682,311621
SY2 6DE,52.700148,-2.730822,350711,311637
SY2 6DN,52.697619,-2.729773,350779,311355
SY2 6DP,52.695181,-2.731568,350655,311085
SY2 6DS,52.696212,-2.731984,350628,311200
SY2 6DT,52.695094,-2.732439,350596,311076
SY2 6DU,52.695827,-2.733132,350550,311158
SY2 6DW,52.696164,-2.731007,350694,311194
SY2 6DX,52.695427,-2.73388,350499,311114
SY2 6EA,52.696122,-2.733433,350530,311191
SY2 6ED,52.693845,-2.732374,350599,310937
SY2 6EE,52.694691,-2.730746,350710,311030
SY2 6EH,52.695448,-2.730418,350733,311114
SY2 6EL,52.692152,-2.728499,350859,310746
SY2 6EN,52.692193,-2.72773,350911,310750
SY2 6EP,52.694507,-2.730032,350758,311009
SY2 6ER,52.69853,-2.732201,350616,311458
SY2 6ET,52.692993,-2.732078,350618,310842
SY2 6EW,52.693241,-2.72976,350775,310868
SY2 6EY,52.689193,-2.73456,350446,310421
SY2 6FA,52.691271,-2.741504,349979,310657
SY2 6FB,52.689477,-2.739417,350118,310456
SY2 6FG,52.69079,-2.720398,351405,310589
SY2 6FH,52.69056,-2.741625,349970,310578
SY2 6FJ,52.691157,-2.741132,350004,310644
SY2 6FL,52.690071,-2.739338,350124,310522
SY2 6FN,52.690015,-2.741172,350000,310517
SY2 6FP,52.706758,-2.737697,350254,312377
SY2 6FR,52.7047,-2.737529,350263,312148
SY2 6FT,52.687906,-2.734864,350424,310278
SY2 6FU,52.687091,-2.734317,350460,310187
SY2 6FX,52.687779,-2.730556,350715,310261
SY2 6FY,52.687004,-2.732363,350592,310176
SY2 6FZ,52.688148,-2.730577,350714,310302
SY2 6GA,52.708318,-2.747018,349626,312557
SY2 6GB,52.687069,-2.730604,350711,310182
SY2 6GD,52.688458,-2.734222,350468,310339
SY2 6GE,52.687622,-2.735599,350374,310247
SY2 6GG,52.704519,-2.734832,350445,312126
SY2 6GL,52.688816,-2.727171,350945,310374
SY2 6GN,52.688243,-2.72975,350770,310312
SY2 6GP,52.687077,-2.729346,350796,310182
SY2 6GQ,52.687301,-2.727989,350888,310206
SY2 6GR,52.688049,-2.727631,350913,310289
SY2 6GS,52.686773,-2.736354,350322,310153
SY2 6GU,52.686707,-2.738217,350196,310147
SY2 6GW,52.687918,-2.737186,350267,310281
SY2 6GX,52.705057,-2.735048,350431,312186
SY2 6GZ,52.686706,-2.74267,349895,310150
SY2 6HA,52.690691,-2.733653,350509,310587
SY2 6HB,52.691416,-2.732688,350575,310667
SY2 6HD,52.691293,-2.732242,350605,310653
SY2 6HH,52.689843,-2.729792,350769,310490
SY2 6HJ,52.69035,-2.729105,350816,310546
SY2 6HP,52.69227,-2.731164,350679,310761
SY2 6HQ,52.689884,-2.731849,350630,310496
SY2 6HR,52.692075,-2.730865,350699,310739
SY2 6HS,52.69156,-2.729687,350778,310681
SY2 6HT,52.691078,-2.729161,350813,310627
SY2 6HX,52.690224,-2.727742,350908,310531
SY2 6HY,52.689918,-2.727751,350907,310497
SY2 6JA,52.689534,-2.725866,351034,310453
SY2 6JB,52.689291,-2.728924,350827,310428
SY2 6JF,52.688247,-2.724646,351115,310309
SY2 6JG,52.688451,-2.726662,350979,310333
SY2 6JH,52.687435,-2.72521,351076,310219
SY2 6JJ,52.702743,-2.731295,350682,311926
SY2 6JL,52.688324,-2.722399,351267,310316
SY2 6JR,52.700873,-2.729857,350777,311717
SY2 6JT,52.699491,-2.729376,350808,311563
SY2 6JU,52.69944,-2.728901,350840,311557
SY2 6JX,52.697537,-2.727064,350962,311344
SY2 6JY,52.697674,-2.728132,350890,311360
SY2 6LA,52.696064,-2.726818,350977,311180
SY2 6LD,52.692992,-2.723423,351203,310836
SY2 6LF,52.695692,-2.727374,350939,311139
SY2 6LG,52.692016,-2.715506,351737,310722
SY2 6LL,52.694299,-2.728786,350842,310985
SY2 6LN,52.695098,-2.728903,350835,311074
SY2 6LP,52.693498,-2.728891,350834,310896
SY2 6LQ,52.693151,-2.726902,350968,310856
SY2 6LW,52.693277,-2.72834,350871,310871
SY2 6LX,52.687815,-2.723367,351201,310260
SY2 6LY,52.70467,-2.733591,350529,312142
SY2 6NB,52.686512,-2.743495,349839,310129
SY2 6NE,52.686404,-2.749263,349449,310121
SY2 6NH,52.691085,-2.720728,351383,310622
SY2 6NT,52.702692,-2.730865,350711,311920
SY2 6NU,52.702149,-2.729908,350775,311859
SY2 6NX,52.701229,-2.72902,350834,311756
SY2 6PA,52.700322,-2.728738,350852,311655
SY2 6PB,52.701144,-2.725289,351086,311744
SY2 6PD,52.702216,-2.724893,351114,311863
SY2 6PF,52.701662,-2.72145,351346,311799
SY2 6PH,52.699683,-2.727499,350935,311583
SY2 6PJ,52.698813,-2.727145,350958,311486
SY2 6PL,52.698692,-2.727838,350911,311473
SY2 6PP,52.697103,-2.724467,351137,311294
SY2 6PU,52.695469,-2.724129,351158,311112
SY2 6PW,52.697159,-2.725711,351053,311301
SY2 6PZ,52.702037,-2.723232,351226,311842
SY2 6QH,52.688519,-2.743159,349864,310352
SY2 6QJ,52.689226,-2.742268,349925,310430
SY2 6QT,52.689548,-2.735305,350396,310461
SY2 6QU,52.690334,-2.734638,350442,310548
SY2 6QX,52.690747,-2.736154,350340,310595
SY2 6QY,52.690101,-2.73743,350253,310524
SY2 6RA,52.691301,-2.733855,350496,310655
SY2 6RE,52.693404,-2.733876,350497,310889
SY2 6RF,52.693097,-2.734137,350479,310855
SY2 6RG,52.694484,-2.735137,350413,311010
SY2 6RH,52.687057,-2.742557,349903,310189
SY2 6RL,52.687504,-2.743082,349868,310239
SY2 6RN,52.687584,-2.741693,349962,310247
SY2 6SA,52.691377,-2.722923,351235,310656
SY2 6SB,52.691955,-2.722488,351265,310720
SY2 6SD,52.692611,-2.722588,351259,310793
SY2 6SE,52.693767,-2.72308,351227,310922
SY2 6SF,52.69346,-2.721847,351310,310887
SY2 6SG,52.69286,-2.721453,351336,310820
SY2 6SH,52.692625,-2.720206,351420,310793
SY2 6SJ,52.693555,-2.71957,351464,310896
SY2 6SN,52.692528,-2.718488,351536,310781
SY2 6SQ,52.694363,-2.721285,351349,310987
SY2 6TA,52.694512,-2.733495,350524,311012
SY2 6TB,52.695604,-2.734312,350470,311134
SY2 6TD,52.697404,-2.733943,350497,311334
SY2 6TE,52.697906,-2.734292,350474,311390
SY2 6TF,52.696904,-2.734867,350434,311279
SY2 6TG,52.696153,-2.735623,350382,311196
SY2 6TH,52.699029,-2.732919,350568,311514
SY2 6TQ,52.695634,-2.735319,350402,311138
SY3 0AE,52.672423,-2.77878,347437,308587
SY3 0AH,52.683134,-2.762994,348517,309767
SY3 0AJ,52.681703,-2.764699,348400,309609
SY3 0AL,52.679917,-2.76279,348527,309409
SY3 0AN,52.675839,-2.758089,348840,308952
SY3 0AT,52.669307,-2.767219,348215,308232
SY3 0AU,52.664352,-2.773047,347815,307685
SY3 0BE,52.659162,-2.796567,346218,307125
SY3 0BF,52.679374,-2.7759,347640,309358
SY3 0BG,52.672662,-2.766952,348237,308605
SY3 0BN,52.660063,-2.797677,346144,307226
SY3 0BP,52.658137,-2.788535,346760,307005
SY3 0BS,52.656933,-2.78427,347047,306868
SY3 0BT,52.655745,-2.787324,346839,306738
SY3 0BU,52.66824,-2.769626,348051,308115
SY3 0BY,52.674965,-2.758281,348826,308855
SY3 0DB,52.675943,-2.760103,348704,308965
SY3 0DF,52.675247,-2.759188,348765,308887
SY3 0DP,52.674519,-2.761956,348577,308808
SY3 0DS,52.675199,-2.761169,348631,308883
SY3 0DT,52.674341,-2.763151,348496,308789
SY3 0DX,52.674644,-2.760686,348663,308821
SY3 0EA,52.674251,-2.758964,348779,308776
SY3 0EB,52.674446,-2.759441,348747,308798
SY3 0EF,52.673032,-2.759727,348726,308641
SY3 0EJ,52.672548,-2.762351,348548,308589
SY3 0EL,52.673149,-2.761119,348632,308655
SY3 0EN,52.673746,-2.761958,348576,308722
SY3 0EP,52.672474,-2.762734,348522,308581
SY3 0EQ,52.672301,-2.761622,348597,308561
SY3 0ER,52.672,-2.763687,348457,308529
SY3 0ES,52.673388,-2.765885,348310,308685
SY3 0EU,52.672148,-2.764488,348403,308546
SY3 0EW,52.673343,-2.763149,348495,308678
SY3 0EX,52.672419,-2.765617,348327,308577
SY3 0EZ,52.670995,-2.766184,348287,308419
SY3 0HA,52.670727,-2.765868,348308,308389
SY3 0HB,52.669857,-2.765587,348326,308292
SY3 0HJ,52.669449,-2.770238,348011,308250
SY3 0HW,52.668777,-2.770019,348025,308175
SY3 0HX,52.675627,-2.772832,347843,308939
SY3 0HZ,52.676799,-2.7751,347691,309071
SY3 0JA,52.677092,-2.774203,347752,309103
SY3 0JE,52.677839,-2.775548,347662,309187
SY3 0JF,52.676397,-2.777356,347538,309028
SY3 0JH,52.678437,-2.776106,347625,309254
SY3 0JJ,52.678625,-2.778993,347430,309277
SY3 0JL,52.679708,-2.781128,347287,309399
SY3 0JN,52.678132,-2.781484,347261,309224
SY3 0JQ,52.676854,-2.777586,347523,309079
SY3 0JR,52.676856,-2.778681,347449,309080
SY3 0JS,52.67669,-2.780734,347310,309063
SY3 0JW,52.678297,-2.779668,347384,309241
SY3 0JX,52.675958,-2.779922,347364,308981
SY3 0JY,52.67539,-2.778832,347437,308917
SY3 0JZ,52.674773,-2.778348,347469,308848
SY3 0LA,52.674889,-2.779873,347366,308862
SY3 0LB,52.674471,-2.780532,347321,308816
SY3 0LD,52.675087,-2.782451,347192,308886
SY3 0LE,52.675621,-2.782016,347222,308945
SY3 0LF,52.675072,-2.777969,347495,308881
SY3 0LJ,52.674068,-2.778927,347429,308770
SY3 0LL,52.673386,-2.778664,347446,308694
SY3 0LN,52.673605,-2.778239,347475,308718
SY3 0LP,52.677171,-2.781378,347267,309117
SY3 0LR,52.673518,-2.7805,347322,308710
SY3 0LW,52.672818,-2.77892,347428,308631
SY3 0LY,52.673993,-2.765571,348332,308752
SY3 0ND,52.675113,-2.767557,348199,308878
SY3 0NE,52.675499,-2.767638,348194,308921
SY3 0NF,52.675194,-2.770191,348021,308889
SY3 0NJ,52.675343,-2.770786,347981,308906
SY3 0NL,52.674397,-2.771153,347955,308801
SY3 0NN,52.675694,-2.772226,347884,308946
SY3 0NR,52.678341,-2.774299,347747,309242
SY3 0NW,52.677404,-2.771902,347908,309136
SY3 0NZ,52.673722,-2.775445,347664,308729
SY3 0PD,52.67422,-2.776208,347613,308785
SY3 0PE,52.675116,-2.776786,347575,308885
SY3 0PG,52.672723,-2.77278,347843,308616
SY3 0PH,52.672566,-2.773517,347793,308599
SY3 0PJ,52.672451,-2.775955,347628,308588
SY3 0PL,52.670622,-2.773764,347774,308383
SY3 0PN,52.671763,-2.773858,347769,308510
SY3 0PP,52.670708,-2.772967,347828,308392
SY3 0PQ,52.673194,-2.773735,347779,308669
SY3 0PS,52.672238,-2.770021,348029,308560
SY3 0PT,52.672996,-2.770863,347973,308645
SY3 0PU,52.672479,-2.771593,347923,308588
SY3 0PW,52.671486,-2.77369,347780,308479
SY3 0PX,52.671149,-2.770224,348014,308439
SY3 0PZ,52.671813,-2.770339,348007,308513
SY3 0QE,52.673507,-2.769836,348043,308701
SY3 0QF,52.672793,-2.774482,347728,308625
SY3 0QG,52.670637,-2.767301,348211,308380
SY3 0QQ,52.674824,-2.764934,348376,308844
SY3 5AG,52.71439,-2.801495,345953,313272
SY3 5AJ,52.713762,-2.803985,345784,313204
SY3 5AN,52.713945,-2.807526,345545,313227
SY3 5AU,52.713541,-2.808718,345464,313183
SY3 5AW,52.713754,-2.810409,345350,313208
SY3 5AX,52.713781,-2.807849,345523,313209
SY3 5AY,52.713378,-2.80756,345542,313164
SY3 5AZ,52.712672,-2.808376,345486,313086
SY3 5BB,52.71174,-2.809173,345431,312983
SY3 5BD,52.714448,-2.80755,345544,313283
SY3 5BE,52.713625,-2.806928,345585,313191
SY3 5BG,52.713074,-2.806,345647,313129
SY3 5BH,52.713241,-2.802584,345878,313145
SY3 5BJ,52.709808,-2.801159,345970,312762
SY3 5BL,52.712533,-2.804954,345717,313068
SY3 5BQ,52.71395,-2.804092,345777,313225
SY3 5BS,52.706417,-2.80009,346038,312384
SY3 5BX,52.714777,-2.809436,345417,313321
SY3 5BY,52.715394,-2.812527,345209,313392
SY3 5BZ,52.712971,-2.813281,345155,313123
SY3 5DF,52.713319,-2.812355,345218,313161
SY3 5DH,52.713829,-2.811299,345290,313217
SY3 5DL,52.711975,-2.811605,345267,313011
SY3 5DN,52.713071,-2.810456,345346,313132
SY3 5DP,52.712111,-2.808824,345455,313024
SY3 5DR,52.712572,-2.811083,345303,313077
SY3 5DS,52.711817,-2.809826,345387,312992
SY3 5DT,52.711437,-2.810129,345366,312950
SY3 5DW,52.712495,-2.809187,345431,313067
SY3 5DX,52.711141,-2.811382,345281,312918
SY3 5EH,52.716299,-2.80908,345443,313490
SY3 5EJ,52.713442,-2.804778,345730,313169
SY3 5EL,52.712933,-2.805568,345676,313113
SY3 5EN,52.711051,-2.808701,345462,312906
SY3 5EP,52.710761,-2.807719,345528,312873
SY3 5ER,52.710427,-2.808009,345508,312836
SY3 5ES,52.711005,-2.806214,345630,312899
SY3 5ET,52.7107,-2.806193,345631,312865
SY3 5EU,52.709897,-2.809257,345423,312778
SY3 5EW,52.71005,-2.807839,345519,312794
SY3 5EX,52.70958,-2.810791,345319,312744
SY3 5EY,52.710583,-2.810158,345363,312855
SY3 5EZ,52.709975,-2.810902,345312,312788
SY3 5FA,52.71087,-2.812887,345179,312889
SY3 5FE,52.716729,-2.813203,345165,313541
SY3 5FF,52.710069,-2.806374,345618,312795
SY3 5FG,52.716143,-2.813414,345150,313476
SY3 5FH,52.717728,-2.815694,344998,313654
SY3 5FJ,52.717184,-2.812397,345220,313591
SY3 5FL,52.717682,-2.813206,345166,313647
SY3 5FP,52.716336,-2.810161,345370,313495
SY3 5FS,52.712701,-2.800072,346047,313083
SY3 5FT,52.712303,-2.801826,345928,313040
SY3 5FU,52.712039,-2.799646,346075,313009
SY3 5FW,52.712212,-2.799249,346102,313028
SY3 5FX,52.712791,-2.798786,346134,313092
SY3 5FY,52.711729,-2.797568,346215,312973
SY3 5FZ,52.711289,-2.798862,346127,312925
SY3 5GE,52.714343,-2.814994,345041,313277
SY3 5HF,52.709581,-2.805373,345685,312740
SY3 5HG,52.709125,-2.803692,345798,312688
SY3 5HH,52.713004,-2.8044,345755,313120
SY3 5HJ,52.715572,-2.796971,346260,313400
SY3 5HP,52.708389,-2.804863,345718,312607
SY3 5HR,52.709133,-2.80649,345609,312691
SY3 5JA,52.708032,-2.80052,346011,312564
SY3 5JB,52.708797,-2.80046,346016,312649
SY3 5LA,52.713829,-2.796718,346275,313206
SY3 5LG,52.71381,-2.792868,346535,313201
SY3 5NB,52.710264,-2.804098,345772,312815
SY3 5NE,52.709332,-2.802408,345885,312710
SY3 5NF,52.710539,-2.803363,345822,312845
SY3 5PA,52.712955,-2.793045,346522,313106
SY3 5PB,52.712324,-2.796024,346320,313038
SY3 5PE,52.713054,-2.797,346255,313120
SY3 5PG,52.71384,-2.797784,346203,313208
SY3 5PH,52.711736,-2.793793,346470,312971
SY3 5PJ,52.712446,-2.795153,346379,313051
SY3 5PL,52.711783,-2.79486,346398,312977
SY3 5PN,52.711293,-2.792897,346530,312921
SY3 5PP,52.711743,-2.790152,346716,312969
SY3 5PQ,52.711667,-2.792015,346590,312962
SY3 5PR,52.71239,-2.792798,346538,313043
SY3 5PS,52.710956,-2.796147,346310,312886
SY3 5PT,52.712654,-2.793721,346476,313073
SY3 6AD,52.696607,-2.773157,347846,311273
SY3 6AF,52.696511,-2.772712,347876,311262
SY3 6AG,52.697843,-2.772587,347886,311410
SY3 6AL,52.695815,-2.776103,347646,311187
SY3 6AN,52.699694,-2.774026,347791,311617
SY3 6AP,52.697301,-2.785289,347027,311359
SY3 6AQ,52.697343,-2.772016,347924,311354
SY3 6AR,52.697908,-2.78453,347079,311426
SY3 6AS,52.697168,-2.782209,347235,311342
SY3 6AT,52.697355,-2.783855,347124,311364
SY3 6AU,52.697279,-2.783158,347171,311355
SY3 6AW,52.699525,-2.775162,347714,311599
SY3 6AX,52.698475,-2.77618,347644,311483
SY3 6AY,52.698765,-2.774483,347759,311514
SY3 6BB,52.697631,-2.774655,347746,311388
SY3 6BE,52.697579,-2.778517,347485,311385
SY3 6BH,52.698489,-2.779643,347410,311487
SY3 6BJ,52.693317,-2.771708,347940,310906
SY3 6BL,52.693824,-2.772561,347883,310963
SY3 6BN,52.693345,-2.772937,347857,310910
SY3 6BP,52.694544,-2.773846,347797,311044
SY3 6BT,52.699084,-2.782139,347242,311555
SY3 6BW,52.693745,-2.77364,347810,310955
SY3 6BX,52.69944,-2.782693,347205,311595
SY3 6BY,52.698437,-2.782098,347244,311483
SY3 6DA,52.698063,-2.7774,347561,311438
SY3 6DB,52.697551,-2.777347,347564,311381
SY3 6DD,52.698435,-2.776904,347595,311479
SY3 6DE,52.699145,-2.778263,347504,311559
SY3 6DF,52.69865,-2.778314,347500,311504
SY3 6DG,52.69922,-2.777865,347531,311567
SY3 6DJ,52.701314,-2.776511,347625,311799
SY3 6DL,52.695656,-2.777106,347578,311170
SY3 6DN,52.694869,-2.776471,347620,311082
SY3 6DP,52.698019,-2.78138,347292,311436
SY3 6DQ,52.701654,-2.776843,347603,311837
SY3 6DR,52.696373,-2.780064,347379,311252
SY3 6DS,52.696842,-2.77982,347396,311304
SY3 6DW,52.694485,-2.776079,347646,311039
SY3 6DX,52.69859,-2.780651,347342,311499
SY3 7AA,52.701942,-2.768501,348167,311863
SY3 7AB,52.70089,-2.765745,348352,311744
SY3 7AD,52.701565,-2.761302,348653,311816
SY3 7AF,52.701763,-2.758523,348841,311836
SY3 7AG,52.70285,-2.758646,348834,311957
SY3 7AH,52.703095,-2.75973,348761,311985
SY3 7AY,52.700446,-2.742163,349945,311678
SY3 7BH,52.700245,-2.745519,349718,311658
SY3 7BN,52.706014,-2.745943,349696,312300
SY3 7BQ,52.705348,-2.74457,349788,312225
SY3 7BS,52.704475,-2.747648,349579,312130
SY3 7BT,52.704515,-2.744126,349817,312132
SY3 7BU,52.704283,-2.743841,349836,312106
SY3 7BY,52.704377,-2.744686,349779,312117
SY3 7BZ,52.704275,-2.745084,349752,312106
SY3 7DA,52.704235,-2.745735,349708,312102
SY3 7DJ,52.703497,-2.747335,349599,312021
SY3 7DQ,52.704027,-2.747463,349591,312080
SY3 7DX,52.703359,-2.750692,349372,312008
SY3 7DZ,52.702952,-2.751085,349345,311963
SY3 7EA,52.703053,-2.750717,349370,311974
SY3 7EB,52.70267,-2.750089,349412,311931
SY3 7ED,52.702014,-2.750092,349411,311858
SY3 7EE,52.70216,-2.74971,349437,311874
SY3 7EF,52.703217,-2.750438,349389,311992
SY3 7EG,52.702718,-2.74969,349439,311936
SY3 7EL,52.703475,-2.749362,349462,312020
SY3 7EP,52.70275,-2.747456,349590,311938
SY3 7EU,52.705243,-2.745663,349714,312214
SY3 7EX,52.705383,-2.746257,349674,312230
SY3 7EY,52.701818,-2.754173,349135,311839
SY3 7EZ,52.700418,-2.755096,349071,311684
SY3 7HA,52.699761,-2.755218,349062,311611
SY3 7HB,52.700328,-2.756575,348971,311675
SY3 7HD,52.699988,-2.756243,348993,311637
SY3 7HE,52.700098,-2.757458,348911,311650
SY3 7HG,52.699281,-2.757178,348929,311559
SY3 7HJ,52.69806,-2.755559,349037,311422
SY3 7HQ,52.698654,-2.756842,348951,311489
SY3 7HR,52.698831,-2.760145,348728,311511
SY3 7HU,52.697009,-2.763812,348478,311311
SY3 7HW,52.698509,-2.758482,348840,311474
SY3 7JD,52.702999,-2.752107,349276,311969
SY3 7JE,52.702363,-2.753147,349205,311899
SY3 7JF,52.702564,-2.751285,349331,311920
SY3 7JG,52.701975,-2.750595,349377,311854
SY3 7JH,52.701139,-2.749189,349471,311760
SY3 7JL,52.701316,-2.751072,349344,311781
SY3 7JN,52.701674,-2.752676,349236,311822
SY3 7JR,52.699052,-2.750752,349363,311529
SY3 7JT,52.700629,-2.754434,349116,311707
SY3 7JU,52.699904,-2.754007,349144,311626
SY3 7JW,52.699969,-2.749376,349457,311630
SY3 7JY,52.698768,-2.75307,349206,311499
SY3 7JZ,52.69806,-2.751267,349327,311419
SY3 7LA,52.699126,-2.754778,349091,311540
SY3 7LB,52.701484,-2.755751,349028,311803
SY3 7LE,52.702775,-2.753479,349183,311945
SY3 7LF,52.700762,-2.751891,349288,311720
SY3 7LG,52.70167,-2.747644,349576,311818
SY3 7LL,52.7032,-2.745983,349690,311987
SY3 7LN,52.702815,-2.74574,349706,311944
SY3 7LU,52.700761,-2.747851,349561,311717
SY3 7LW,52.702376,-2.745436,349726,311895
SY3 7LY,52.700564,-2.747655,349574,311695
SY3 7NA,52.700018,-2.745796,349699,311633
SY3 7NB,52.699251,-2.746271,349666,311548
SY3 7ND,52.699084,-2.747215,349602,311530
SY3 7NE,52.698988,-2.748102,349542,311520
SY3 7NF,52.697928,-2.746515,349648,311401
SY3 7NG,52.697559,-2.746568,349644,311360
SY3 7NJ,52.699543,-2.748511,349515,311582
SY3 7NN,52.697943,-2.749845,349423,311405
SY3 7NQ,52.697083,-2.746634,349639,311307
SY3 7NR,52.701984,-2.744838,349766,311851
SY3 7NT,52.698436,-2.75012,349405,311460
SY3 7NU,52.702139,-2.748895,349492,311871
SY3 7NY,52.70276,-2.744377,349798,311937
SY3 7NZ,52.701396,-2.744029,349820,311785
SY3 7PB,52.701235,-2.743834,349833,311767
SY3 7PD,52.701475,-2.74585,349697,311795
SY3 7PE,52.701577,-2.745319,349733,311806
SY3 7PF,52.701125,-2.745741,349704,311756
SY3 7PG,52.701578,-2.746533,349651,311807
SY3 7PL,52.700857,-2.741045,350021,311723
SY3 7PN,52.700665,-2.741604,349983,311702
SY3 7PP,52.699971,-2.740468,350059,311624
SY3 7PQ,52.700575,-2.744429,349792,311694
SY3 7PR,52.701266,-2.740371,350067,311768
SY3 7PS,52.701563,-2.740258,350075,311801
SY3 7PT,52.701254,-2.740874,350033,311767
SY3 7PU,52.701704,-2.740719,350044,311817
SY3 7PW,52.699706,-2.74107,350018,311595
SY3 7PX,52.701584,-2.74125,350008,311804
SY3 7PY,52.701818,-2.739877,350101,311829
SY3 7PZ,52.700439,-2.737427,350265,311674
SY3 7QA,52.70031,-2.738017,350225,311660
SY3 7QB,52.699397,-2.738741,350175,311559
SY3 7QD,52.699556,-2.739188,350145,311577
SY3 7QE,52.698076,-2.73863,350181,311412
SY3 7QF,52.698917,-2.737919,350230,311505
SY3 7QJ,52.694915,-2.742468,349918,311063
SY3 7QL,52.696953,-2.75005,349408,311295
SY3 7QN,52.696534,-2.749539,349442,311248
SY3 7QQ,52.698895,-2.74147,349990,311505
SY3 7QR,52.696905,-2.749131,349470,311289
SY3 7QS,52.697249,-2.748812,349492,311327
SY3 7QW,52.696016,-2.748909,349484,311190
SY3 7QX,52.695165,-2.752771,349222,311098
SY3 7QY,52.694037,-2.754838,349081,310974
SY3 7QZ,52.692829,-2.755409,349041,310840
SY3 7RA,52.694033,-2.75543,349041,310974
SY3 7RD,52.695449,-2.753279,349188,311130
SY3 7RF,52.697069,-2.751605,349303,311309
SY3 7RG,52.69653,-2.754467,349109,311251
SY3 7RH,52.698017,-2.752465,349246,311415
SY3 7RL,52.698229,-2.754348,349119,311440
SY3 7RN,52.697489,-2.754898,349081,311358
SY3 7RP,52.697347,-2.757352,348915,311344
SY3 7RQ,52.696849,-2.753673,349163,311286
SY3 7RT,52.699429,-2.743714,349839,311566
SY3 7RU,52.702364,-2.744504,349789,311893
SY3 7RW,52.69711,-2.755128,349065,311316
SY3 7RX,52.702069,-2.744247,349806,311860
SY3 7TA,52.694515,-2.741722,349968,311018
SY3 7TB,52.693912,-2.74183,349960,310951
SY3 7TD,52.693613,-2.742254,349931,310918
SY3 7TE,52.692792,-2.738334,350195,310824
SY3 7TG,52.694102,-2.740146,350074,310971
SY3 7TH,52.696095,-2.739248,350137,311192
SY3 7TJ,52.695042,-2.739393,350126,311075
SY3 7TN,52.694829,-2.74041,350057,311052
SY3 7TP,52.696936,-2.742695,349905,311288
SY3 7TR,52.697544,-2.743312,349864,311356
SY3 7TW,52.696626,-2.741935,349956,311253
SY3 7TZ,52.697827,-2.739647,350112,311385
SY3 8AG,52.706933,-2.780696,347349,312427
SY3 8AH,52.70673,-2.780071,347391,312404
SY3 8AL,52.70615,-2.782073,347255,312341
SY3 8AN,52.70696,-2.782043,347258,312431
SY3 8AQ,52.7059,-2.779049,347459,312311
SY3 8AR,52.705709,-2.784848,347067,312294
SY3 8AT,52.704897,-2.78399,347124,312203
SY3 8AU,52.704798,-2.781309,347305,312190
SY3 8AW,52.706518,-2.784892,347065,312384
SY3 8AY,52.700753,-2.785247,347034,311743
SY3 8BE,52.714004,-2.772991,347878,313208
SY3 8BG,52.711316,-2.761813,348630,312901
SY3 8BH,52.715211,-2.790333,346708,313355
SY3 8BQ,52.714028,-2.785782,347014,313220
SY3 8BS,52.716374,-2.791316,346643,313485
SY3 8BT,52.722229,-2.809545,345419,314150
SY3 8BU,52.71443,-2.788942,346801,313267
SY3 8BW,52.720982,-2.803895,345799,314007
SY3 8BX,52.715576,-2.789555,346761,313395
SY3 8DA,52.716851,-2.789829,346744,313537
SY3 8DB,52.70656,-2.802861,345851,312402
SY3 8DU,52.706645,-2.792813,346530,312404
SY3 8DW,52.722961,-2.807619,345550,314230
SY3 8DY,52.729391,-2.807293,345580,314945
SY3 8DZ,52.728715,-2.807547,345562,314870
SY3 8EF,52.724088,-2.809801,345404,314357
SY3 8EG,52.726915,-2.815688,345010,314676
SY3 8EH,52.727577,-2.818854,344797,314752
SY3 8EJ,52.714541,-2.777575,347569,313271
SY3 8EL,52.728107,-2.817531,344887,314810
SY3 8EN,52.727324,-2.817739,344872,314723
SY3 8EP,52.72904,-2.816497,344958,314913
SY3 8ER,52.728043,-2.816345,344967,314802
SY3 8ES,52.728353,-2.81453,345090,314835
SY3 8EU,52.731825,-2.821984,344591,315227
SY3 8EW,52.728398,-2.81573,345009,314841
SY3 8EX,52.721387,-2.815644,345006,314061
SY3 8EY,52.719953,-2.814906,345054,313901
SY3 8EZ,52.719198,-2.816328,344957,313818
SY3 8FA,52.712171,-2.774276,347789,313005
SY3 8FB,52.711669,-2.773942,347811,312949
SY3 8FD,52.711645,-2.77218,347930,312945
SY3 8FF,52.710732,-2.773022,347872,312844
SY3 8FH,52.711493,-2.770593,348037,312927
SY3 8FJ,52.711345,-2.771287,347990,312911
SY3 8FL,52.710712,-2.771853,347951,312841
SY3 8FN,52.712292,-2.77077,348026,313016
SY3 8GB,52.705972,-2.792726,346535,312329
SY3 8GD,52.705414,-2.791369,346626,312266
SY3 8GE,52.7061,-2.791056,346648,312342
SY3 8GF,52.705768,-2.790961,346654,312305
SY3 8GG,52.706406,-2.790973,346654,312376
SY3 8HT,52.70717,-2.774647,347758,312449
SY3 8HU,52.706818,-2.773486,347836,312409
SY3 8HX,52.70776,-2.772378,347912,312513
SY3 8HY,52.708635,-2.770587,348034,312609
SY3 8HZ,52.708901,-2.768313,348188,312637
SY3 8JB,52.709852,-2.767264,348260,312742
SY3 8JD,52.708938,-2.766818,348289,312640
SY3 8JG,52.709951,-2.764453,348450,312751
SY3 8JN,52.71117,-2.76073,348703,312884
SY3 8JQ,52.709899,-2.76272,348567,312744
SY3 8JR,52.711839,-2.761585,348646,312959
SY3 8JU,52.711017,-2.759365,348795,312866
SY3 8LL,52.709862,-2.765636,348370,312742
SY3 8LP,52.709197,-2.778043,347531,312677
SY3 8LR,52.707972,-2.777029,347598,312540
SY3 8LS,52.7085,-2.776017,347667,312598
SY3 8LT,52.710142,-2.775143,347728,312780
SY3 8LX,52.710351,-2.773548,347836,312802
SY3 8NA,52.710454,-2.771389,347982,312812
SY3 8NE,52.711313,-2.767955,348215,312905
SY3 8NG,52.71142,-2.766699,348300,312916
SY3 8NL,52.710669,-2.766035,348344,312832
SY3 8NN,52.710296,-2.765362,348389,312790
SY3 8NQ,52.712281,-2.765545,348379,313011
SY3 8NR,52.711126,-2.764829,348426,312882
SY3 8NW,52.710681,-2.764096,348475,312832
SY3 8NX,52.711029,-2.763081,348544,312870
SY3 8NY,52.711032,-2.769668,348099,312875
SY3 8NZ,52.710325,-2.763542,348512,312792
SY3 8PA,52.713229,-2.778854,347481,313126
SY3 8PD,52.713887,-2.778526,347504,313199
SY3 8PG,52.71345,-2.775232,347726,313148
SY3 8PH,52.713208,-2.773762,347825,313120
SY3 8PJ,52.714305,-2.784676,347089,313250
SY3 8PL,52.712942,-2.771759,347960,313089
SY3 8PT,52.712536,-2.765016,348415,313039
SY3 8PX,52.712264,-2.761267,348668,313006
SY3 8PY,52.712205,-2.760614,348712,312999
SY3 8QA,52.712542,-2.759895,348761,313036
SY3 8QB,52.712513,-2.761582,348647,313034
SY3 8QE,52.712746,-2.760357,348730,313059
SY3 8QG,52.712978,-2.760657,348710,313085
SY3 8QH,52.713048,-2.759474,348790,313092
SY3 8QJ,52.712296,-2.759062,348817,313008
SY3 8QL,52.712249,-2.757921,348894,313002
SY3 8QN,52.713263,-2.758309,348869,313115
SY3 8QP,52.711825,-2.75815,348878,312955
SY3 8QX,52.712102,-2.757089,348950,312985
SY3 8QY,52.711494,-2.75927,348802,312919
SY3 8QZ,52.711808,-2.75667,348978,312952
SY3 8RD,52.711558,-2.75637,348998,312924
SY3 8RF,52.711961,-2.756613,348982,312969
SY3 8RG,52.712264,-2.756959,348959,313003
SY3 8RL,52.713908,-2.780865,347346,313203
SY3 8RN,52.705961,-2.771147,347993,312312
SY3 8RP,52.707506,-2.771308,347984,312484
SY3 8RS,52.708948,-2.772236,347923,312645
SY3 8RT,52.709931,-2.773053,347869,312755
SY3 8RW,52.706651,-2.77144,347974,312389
SY3 8RX,52.710003,-2.771692,347961,312762
SY3 8RY,52.709639,-2.769658,348098,312720
SY3 8RZ,52.709419,-2.77032,348053,312696
SY3 8SA,52.707077,-2.769494,348106,312435
SY3 8SB,52.707838,-2.768694,348161,312519
SY3 8SL,52.706963,-2.801699,345930,312446
SY3 8SN,52.707464,-2.802063,345906,312502
SY3 8SQ,52.707875,-2.769819,348085,312524
SY3 8SS,52.706359,-2.774958,347736,312359
SY3 8SU,52.706464,-2.77678,347613,312372
SY3 8SW,52.708068,-2.803214,345829,312570
SY3 8SX,52.707589,-2.779272,347446,312499
SY3 8SZ,52.706376,-2.7778,347544,312363
SY3 8TD,52.708597,-2.780489,347365,312612
SY3 8TE,52.710564,-2.784817,347075,312834
SY3 8TH,52.710585,-2.78162,347291,312834
SY3 8TJ,52.710822,-2.781135,347324,312860
SY3 8TN,52.710765,-2.776235,347655,312850
SY3 8TP,52.712555,-2.777333,347583,313050
SY3 8TQ,52.709488,-2.780312,347378,312711
SY3 8TR,52.712257,-2.776143,347663,313016
SY3 8TU,52.708102,-2.802164,345900,312573
SY3 8TW,52.711798,-2.777719,347556,312966
SY3 8UA,52.707497,-2.781046,347326,312490
SY3 8UB,52.707919,-2.781039,347327,312537
SY3 8UD,52.707663,-2.783092,347188,312510
SY3 8UF,52.708373,-2.781787,347277,312588
SY3 8UG,52.707167,-2.78332,347172,312455
SY3 8UH,52.707217,-2.786607,346950,312463
SY3 8UL,52.70775,-2.78481,347072,312521
SY3 8UQ,52.706733,-2.787797,346869,312410
SY3 8UR,52.708702,-2.786456,346962,312628
SY3 8UT,52.709317,-2.787251,346909,312697
SY3 8UU,52.708356,-2.789706,346742,312592
SY3 8UW,52.707809,-2.785507,347025,312528
SY3 8UX,52.709787,-2.788163,346848,312750
SY3 8UY,52.710258,-2.789015,346791,312803
SY3 8UZ,52.711042,-2.788733,346811,312890
SY3 8XA,52.711349,-2.788472,346829,312924
SY3 8XB,52.707851,-2.78869,346810,312535
SY3 8XJ,52.71067,-2.786521,346960,312847
SY3 8XN,52.711534,-2.786388,346970,312943
SY3 8XP,52.713161,-2.789112,346788,313126
SY3 8XS,52.712635,-2.789813,346740,313068
SY3 8XT,52.705514,-2.802042,345905,312285
SY3 8XW,52.712116,-2.788131,346853,313009
SY3 8YA,52.713029,-2.783232,347185,313107
SY3 8YB,52.713248,-2.785546,347029,313133
SY3 8YD,52.712633,-2.78475,347082,313064
SY3 8YF,52.712232,-2.782759,347216,313018
SY3 8YG,52.711732,-2.783564,347161,312963
SY3 8YJ,52.712828,-2.780949,347339,313083
SY3 8ZA,52.704685,-2.787523,346885,312182
SY3 8ZB,52.704598,-2.787063,346916,312172
SY3 8ZD,52.705184,-2.788124,346845,312238
SY3 8ZE,52.70504,-2.789557,346748,312223
SY3 8ZF,52.704624,-2.789934,346722,312177
SY3 8ZG,52.705137,-2.792504,346549,312236
SY3 8ZQ,52.703882,-2.786517,346952,312092
SY3 9AA,52.70185,-2.772954,347866,311856
SY3 9AB,52.703033,-2.774854,347739,311989
SY3 9AE,52.68984,-2.77289,347856,310520
SY3 9AF,52.70282,-2.779986,347392,311969
SY3 9AH,52.697754,-2.765512,348364,311395
SY3 9AN,52.698828,-2.769009,348129,311517
SY3 9AR,52.70089,-2.769874,348073,311747
SY3 9AS,52.70125,-2.771197,347984,311788
SY3 9AU,52.704582,-2.773076,347861,312160
SY3 9AZ,52.705045,-2.772359,347910,312211
SY3 9BA,52.705084,-2.774639,347756,312217
SY3 9BB,52.704656,-2.774188,347786,312169
SY3 9BE,52.704026,-2.777062,347591,312101
SY3 9BF,52.699825,-2.778778,347470,311635
SY3 9BS,52.702386,-2.784418,347092,311924
SY3 9BT,52.701802,-2.784349,347096,311859
SY3 9BW,52.703166,-2.783337,347166,312010
SY3 9BX,52.699724,-2.784504,347083,311628
SY3 9BY,52.701362,-2.780123,347381,311807
SY3 9BZ,52.702338,-2.782094,347249,311917
SY3 9DA,52.697925,-2.76812,348188,311416
SY3 9DB,52.698377,-2.770525,348026,311468
SY3 9DE,52.698905,-2.772295,347907,311528
SY3 9DF,52.696129,-2.770707,348011,311218
SY3 9DG,52.696006,-2.770232,348043,311204
SY3 9DH,52.694122,-2.770983,347990,310995
SY3 9DL,52.693372,-2.770141,348046,310911
SY3 9DQ,52.694648,-2.774455,347756,311056
SY3 9DT,52.70114,-2.779749,347406,311782
SY3 9DY,52.700597,-2.778999,347456,311721
SY3 9ED,52.696799,-2.767212,348248,311290
SY3 9EF,52.694803,-2.767133,348251,311068
SY3 9EG,52.693979,-2.766719,348278,310976
SY3 9EJ,52.695619,-2.764794,348410,311157
SY3 9EN,52.690475,-2.770534,348016,310589
SY3 9EP,52.693528,-2.759919,348737,310921
SY3 9ER,52.693169,-2.759884,348739,310881
SY3 9ES,52.692438,-2.76172,348614,310801
SY3 9ET,52.692324,-2.76123,348647,310788
SY3 9EU,52.692538,-2.762847,348538,310813
SY3 9EW,52.687538,-2.774284,347759,310265
SY3 9EZ,52.69139,-2.762531,348558,310685
SY3 9FA,52.699545,-2.787194,346901,311610
SY3 9FB,52.699659,-2.78761,346873,311623
SY3 9FE,52.698555,-2.786037,346978,311499
SY3 9FF,52.698375,-2.787291,346893,311480
SY3 9FL,52.691268,-2.775726,347666,310681
SY3 9FN,52.691779,-2.774611,347742,310737
SY3 9FP,52.690827,-2.773189,347837,310630
SY3 9FQ,52.690347,-2.775,347714,310578
SY3 9FR,52.690507,-2.775313,347693,310596
SY3 9FS,52.689777,-2.774191,347768,310514
SY3 9FT,52.690142,-2.774715,347733,310555
SY3 9FW,52.700609,-2.781264,347303,311724
SY3 9FX,52.700826,-2.778263,347506,311746
SY3 9HG,52.688223,-2.762919,348528,310333
SY3 9HJ,52.687633,-2.765247,348370,310269
SY3 9HR,52.690625,-2.766897,348262,310603
SY3 9HT,52.690592,-2.764958,348393,310598
SY3 9HX,52.690647,-2.766128,348314,310605
SY3 9JA,52.693145,-2.756643,348958,310876
SY3 9JB,52.692726,-2.756073,348996,310829
SY3 9JD,52.694739,-2.754747,349088,311052
SY3 9JE,52.694879,-2.755282,349052,311068
SY3 9JG,52.694502,-2.756607,348962,311027
SY3 9JP,52.692256,-2.759187,348785,310779
SY3 9JS,52.690722,-2.760152,348718,310609
SY3 9JT,52.691914,-2.757924,348870,310740
SY3 9JW,52.692713,-2.758071,348861,310829
SY3 9JX,52.692281,-2.756731,348951,310780
SY3 9LB,52.689302,-2.755748,349014,310448
SY3 9LF,52.687508,-2.756605,348954,310249
SY3 9LQ,52.686344,-2.757265,348908,310120
SY3 9LS,52.687732,-2.758177,348848,310275
SY3 9LY,52.689927,-2.756484,348965,310518
SY3 9NH,52.688837,-2.758255,348844,310398
SY3 9NN,52.687131,-2.75932,348770,310209
SY3 9NQ,52.68914,-2.758689,348815,310432
SY3 9NS,52.685935,-2.762155,348577,310078
SY3 9NW,52.686772,-2.759284,348772,310169
SY3 9NZ,52.685389,-2.760474,348690,310016
SY3 9PB,52.685886,-2.761488,348622,310072
SY3 9PF,52.685821,-2.758898,348797,310063
SY3 9PG,52.685736,-2.758113,348850,310053
SY3 9PH,52.684484,-2.759925,348726,309915
SY3 9PL,52.684532,-2.763624,348476,309923
SY3 9PP,52.684671,-2.754662,349082,309932
SY3 9PQ,52.684742,-2.760314,348700,309944
SY3 9PS,52.69004,-2.772553,347879,310542
SY3 9PW,52.684722,-2.756483,348959,309939
SY3 9PZ,52.684595,-2.753803,349140,309923
SY3 9QD,52.687485,-2.771369,347956,310257
SY3 9QF,52.686416,-2.772696,347865,310139
SY3 9QG,52.687197,-2.772799,347859,310226
SY3 9QH,52.687821,-2.769452,348086,310293
SY3 9QJ,52.687876,-2.767944,348188,310298
SY3 9QL,52.687587,-2.766755,348268,310265
SY3 9QP,52.685844,-2.769387,348088,310073
SY3 9QQ,52.688777,-2.76614,348311,310397
SY3 9QS,52.686273,-2.771185,347967,310122
SY3 9QW,52.686239,-2.769379,348089,310117
SY3 9RB,52.701495,-2.779119,347449,311821
